iter,cost,risk,return,par,bw,move,X,Z,Q,pop_init,max_iter,pop_size,mem_size,mem_consider,par_min,par_max,bw_min,bw_max,sigma,lambda,port_n,k,seed,tag
1,0.08117498596284776,0.165122,0.0027720280743044586,0.5,0.5,0.028604857798349786,[0.10723131 0.0637699  0.         0.         0.         0.14120934 0.         0.         0.10493534 0.         0.         0.         0.04935071 0.         0.         0.19371015 0.06755917 0.         0.         0.         0.         0.         0.03512076 0.         0.         0.1566191  0.         0.08049423 0.         0.         0.        ],[1. 1. 0. 0. 0. 1. 0. 0. 1. 0. 0. 0. 1. 0. 0. 1. 1. 0. 0. 0. 0. 0. 1. 0. 0. 1. 0. 1. 0. 0. 0.],10.0,best,1000,100,100,0.5,0.5,0.5,0.5,0.5,0.1,0.5,1,10,,tuning_size
10,0.0807219051132971,0.265347,0.0039172795380205535,0.5,0.5,0.018092449786880863,[0.         0.         0.         0.         0.20213137 0.03327563 0.         0.         0.         0.         0.0186659  0.06580488 0.         0.         0.         0.         0.         0.         0.06477297 0.06197416 0.         0.         0.         0.         0.05304743 0.12641995 0.         0.         0.14580769 0.         0.22810002],[0. 0. 0. 0. 1. 1. 0. 0. 0. 0. 1. 1. 0. 0. 0. 0. 0. 0. 1. 1. 0. 0. 0. 0. 1. 1. 0. 0. 1. 0. 1.],10.0,best,1000,100,100,0.5,0.5,0.5,0.5,0.5,0.1,0.5,1,10,,tuning_size
20,0.07172609820805215,0.260379,0.003850399783617676,0.5,0.5,0.1392476499302154,[0.         0.         0.         0.         0.14183522 0.08888273 0.         0.         0.24846556 0.         0.         0.         0.         0.         0.         0.         0.         0.02138871 0.         0.         0.03811435 0.         0.01978872 0.         0.         0.         0.07952697 0.23643064 0.         0.04329387 0.08227322],[0. 0. 0. 0. 1. 1. 0. 0. 1. 0. 0. 0. 0. 0. 0. 0. 0. 1. 0. 0. 1. 0. 1. 0. 0. 0. 1. 1. 0. 1. 1.],10.0,best,1000,100,100,0.5,0.5,0.5,0.5,0.5,0.1,0.5,1,10,,tuning_size
30,0.07172609820805215,0.260379,0.003850399783617676,0.5,0.5,0.0022056828751275716,[0.         0.         0.         0.         0.14183522 0.08888273 0.         0.         0.24846556 0.         0.         0.         0.         0.         0.         0.         0.         0.02138871 0.         0.         0.03811435 0.         0.01978872 0.         0.         0.         0.07952697 0.23643064 0.         0.04329387 0.08227322],[0. 0. 0. 0. 1. 1. 0. 0. 1. 0. 0. 0. 0. 0. 0. 0. 0. 1. 0. 0. 1. 0. 1. 0. 0. 0. 1. 1. 0. 1. 1.],10.0,best,1000,100,100,0.5,0.5,0.5,0.5,0.5,0.1,0.5,1,10,,tuning_size
40,0.07172609820805215,0.260379,0.003850399783617676,0.5,0.5,-0.03433712059004675,[0.         0.         0.         0.         0.14183522 0.08888273 0.         0.         0.24846556 0.         0.         0.         0.         0.         0.         0.         0.         0.02138871 0.         0.         0.03811435 0.         0.01978872 0.         0.         0.         0.07952697 0.23643064 0.         0.04329387 0.08227322],[0. 0. 0. 0. 1. 1. 0. 0. 1. 0. 0. 0. 0. 0. 0. 0. 0. 1. 0. 0. 1. 0. 1. 0. 0. 0. 1. 1. 0. 1. 1.],10.0,best,1000,100,100,0.5,0.5,0.5,0.5,0.5,0.1,0.5,1,10,,tuning_size
50,0.07172609820805215,0.260379,0.003850399783617676,0.5,0.5,-0.020567540474598068,[0.         0.         0.         0.         0.14183522 0.08888273 0.         0.         0.24846556 0.         0.         0.         0.         0.         0.         0.         0.         0.02138871 0.         0.         0.03811435 0.         0.01978872 0.         0.         0.         0.07952697 0.23643064 0.         0.04329387 0.08227322],[0. 0. 0. 0. 1. 1. 0. 0. 1. 0. 0. 0. 0. 0. 0. 0. 0. 1. 0. 0. 1. 0. 1. 0. 0. 0. 1. 1. 0. 1. 1.],10.0,best,1000,100,100,0.5,0.5,0.5,0.5,0.5,0.1,0.5,1,10,,tuning_size
60,0.07172609820805215,0.260379,0.003850399783617676,0.5,0.5,-0.0030018591321100577,[0.         0.         0.         0.         0.14183522 0.08888273 0.         0.         0.24846556 0.         0.         0.         0.         0.         0.         0.         0.         0.02138871 0.         0.         0.03811435 0.         0.01978872 0.         0.         0.         0.07952697 0.23643064 0.         0.04329387 0.08227322],[0. 0. 0. 0. 1. 1. 0. 0. 1. 0. 0. 0. 0. 0. 0. 0. 0. 1. 0. 0. 1. 0. 1. 0. 0. 0. 1. 1. 0. 1. 1.],10.0,best,1000,100,100,0.5,0.5,0.5,0.5,0.5,0.1,0.5,1,10,,tuning_size
70,0.07172609820805215,0.260379,0.003850399783617676,0.5,0.5,-0.0820512466001602,[0.         0.         0.         0.         0.14183522 0.08888273 0.         0.         0.24846556 0.         0.         0.         0.         0.         0.         0.         0.         0.02138871 0.         0.         0.03811435 0.         0.01978872 0.         0.         0.         0.07952697 0.23643064 0.         0.04329387 0.08227322],[0. 0. 0. 0. 1. 1. 0. 0. 1. 0. 0. 0. 0. 0. 0. 0. 0. 1. 0. 0. 1. 0. 1. 0. 0. 0. 1. 1. 0. 1. 1.],10.0,best,1000,100,100,0.5,0.5,0.5,0.5,0.5,0.1,0.5,1,10,,tuning_size
80,0.07172609820805215,0.260379,0.003850399783617676,0.5,0.5,0.0021418207859621036,[0.         0.         0.         0.         0.14183522 0.08888273 0.         0.         0.24846556 0.         0.         0.         0.         0.         0.         0.         0.         0.02138871 0.         0.         0.03811435 0.         0.01978872 0.         0.         0.         0.07952697 0.23643064 0.         0.04329387 0.08227322],[0. 0. 0. 0. 1. 1. 0. 0. 1. 0. 0. 0. 0. 0. 0. 0. 0. 1. 0. 0. 1. 0. 1. 0. 0. 0. 1. 1. 0. 1. 1.],10.0,best,1000,100,100,0.5,0.5,0.5,0.5,0.5,0.1,0.5,1,10,,tuning_size
90,0.07172609820805215,0.260379,0.003850399783617676,0.5,0.5,0.01735952341642052,[0.         0.         0.         0.         0.14183522 0.08888273 0.         0.         0.24846556 0.         0.         0.         0.         0.         0.         0.         0.         0.02138871 0.         0.         0.03811435 0.         0.01978872 0.         0.         0.         0.07952697 0.23643064 0.         0.04329387 0.08227322],[0. 0. 0. 0. 1. 1. 0. 0. 1. 0. 0. 0. 0. 0. 0. 0. 0. 1. 0. 0. 1. 0. 1. 0. 0. 0. 1. 1. 0. 1. 1.],10.0,best,1000,100,100,0.5,0.5,0.5,0.5,0.5,0.1,0.5,1,10,,tuning_size
100,0.07172609820805215,0.260379,0.003850399783617676,0.5,0.5,0.02251548192832437,[0.         0.         0.         0.         0.14183522 0.08888273 0.         0.         0.24846556 0.         0.         0.         0.         0.         0.         0.         0.         0.02138871 0.         0.         0.03811435 0.         0.01978872 0.         0.         0.         0.07952697 0.23643064 0.         0.04329387 0.08227322],[0. 0. 0. 0. 1. 1. 0. 0. 1. 0. 0. 0. 0. 0. 0. 0. 0. 1. 0. 0. 1. 0. 1. 0. 0. 0. 1. 1. 0. 1. 1.],10.0,best,1000,100,100,0.5,0.5,0.5,0.5,0.5,0.1,0.5,1,10,,tuning_size
110,0.07172609820805215,0.260379,0.003850399783617676,0.5,0.5,0.05792060109969119,[0.         0.         0.         0.         0.14183522 0.08888273 0.         0.         0.24846556 0.         0.         0.         0.         0.         0.         0.         0.         0.02138871 0.         0.         0.03811435 0.         0.01978872 0.         0.         0.         0.07952697 0.23643064 0.         0.04329387 0.08227322],[0. 0. 0. 0. 1. 1. 0. 0. 1. 0. 0. 0. 0. 0. 0. 0. 0. 1. 0. 0. 1. 0. 1. 0. 0. 0. 1. 1. 0. 1. 1.],10.0,best,1000,100,100,0.5,0.5,0.5,0.5,0.5,0.1,0.5,1,10,,tuning_size
120,0.07172609820805215,0.260379,0.003850399783617676,0.5,0.5,0.012582769044694676,[0.         0.         0.         0.         0.14183522 0.08888273 0.         0.         0.24846556 0.         0.         0.         0.         0.         0.         0.         0.         0.02138871 0.         0.         0.03811435 0.         0.01978872 0.         0.         0.         0.07952697 0.23643064 0.         0.04329387 0.08227322],[0. 0. 0. 0. 1. 1. 0. 0. 1. 0. 0. 0. 0. 0. 0. 0. 0. 1. 0. 0. 1. 0. 1. 0. 0. 0. 1. 1. 0. 1. 1.],10.0,best,1000,100,100,0.5,0.5,0.5,0.5,0.5,0.1,0.5,1,10,,tuning_size
130,0.07172609820805215,0.260379,0.003850399783617676,0.5,0.5,0.03684167498269677,[0.         0.         0.         0.         0.14183522 0.08888273 0.         0.         0.24846556 0.         0.         0.         0.         0.         0.         0.         0.         0.02138871 0.         0.         0.03811435 0.         0.01978872 0.         0.         0.         0.07952697 0.23643064 0.         0.04329387 0.08227322],[0. 0. 0. 0. 1. 1. 0. 0. 1. 0. 0. 0. 0. 0. 0. 0. 0. 1. 0. 0. 1. 0. 1. 0. 0. 0. 1. 1. 0. 1. 1.],10.0,best,1000,100,100,0.5,0.5,0.5,0.5,0.5,0.1,0.5,1,10,,tuning_size
140,0.07172609820805215,0.260379,0.003850399783617676,0.5,0.5,0.015273742725789782,[0.         0.         0.         0.         0.14183522 0.08888273 0.         0.         0.24846556 0.         0.         0.         0.         0.         0.         0.         0.         0.02138871 0.         0.         0.03811435 0.         0.01978872 0.         0.         0.         0.07952697 0.23643064 0.         0.04329387 0.08227322],[0. 0. 0. 0. 1. 1. 0. 0. 1. 0. 0. 0. 0. 0. 0. 0. 0. 1. 0. 0. 1. 0. 1. 0. 0. 0. 1. 1. 0. 1. 1.],10.0,best,1000,100,100,0.5,0.5,0.5,0.5,0.5,0.1,0.5,1,10,,tuning_size
150,0.07172609820805215,0.260379,0.003850399783617676,0.5,0.5,-0.06772448539324753,[0.         0.         0.         0.         0.14183522 0.08888273 0.         0.         0.24846556 0.         0.         0.         0.         0.         0.         0.         0.         0.02138871 0.         0.         0.03811435 0.         0.01978872 0.         0.         0.         0.07952697 0.23643064 0.         0.04329387 0.08227322],[0. 0. 0. 0. 1. 1. 0. 0. 1. 0. 0. 0. 0. 0. 0. 0. 0. 1. 0. 0. 1. 0. 1. 0. 0. 0. 1. 1. 0. 1. 1.],10.0,best,1000,100,100,0.5,0.5,0.5,0.5,0.5,0.1,0.5,1,10,,tuning_size
160,0.07172609820805215,0.260379,0.003850399783617676,0.5,0.5,0.017141507783691595,[0.         0.         0.         0.         0.14183522 0.08888273 0.         0.         0.24846556 0.         0.         0.         0.         0.         0.         0.         0.         0.02138871 0.         0.         0.03811435 0.         0.01978872 0.         0.         0.         0.07952697 0.23643064 0.         0.04329387 0.08227322],[0. 0. 0. 0. 1. 1. 0. 0. 1. 0. 0. 0. 0. 0. 0. 0. 0. 1. 0. 0. 1. 0. 1. 0. 0. 0. 1. 1. 0. 1. 1.],10.0,best,1000,100,100,0.5,0.5,0.5,0.5,0.5,0.1,0.5,1,10,,tuning_size
170,0.07172609820805215,0.260379,0.003850399783617676,0.5,0.5,0.00758322616748108,[0.         0.         0.         0.         0.14183522 0.08888273 0.         0.         0.24846556 0.         0.         0.         0.         0.         0.         0.         0.         0.02138871 0.         0.         0.03811435 0.         0.01978872 0.         0.         0.         0.07952697 0.23643064 0.         0.04329387 0.08227322],[0. 0. 0. 0. 1. 1. 0. 0. 1. 0. 0. 0. 0. 0. 0. 0. 0. 1. 0. 0. 1. 0. 1. 0. 0. 0. 1. 1. 0. 1. 1.],10.0,best,1000,100,100,0.5,0.5,0.5,0.5,0.5,0.1,0.5,1,10,,tuning_size
180,0.07172609820805215,0.260379,0.003850399783617676,0.5,0.5,0.10254812486752321,[0.         0.         0.         0.         0.14183522 0.08888273 0.         0.         0.24846556 0.         0.         0.         0.         0.         0.         0.         0.         0.02138871 0.         0.         0.03811435 0.         0.01978872 0.         0.         0.         0.07952697 0.23643064 0.         0.04329387 0.08227322],[0. 0. 0. 0. 1. 1. 0. 0. 1. 0. 0. 0. 0. 0. 0. 0. 0. 1. 0. 0. 1. 0. 1. 0. 0. 0. 1. 1. 0. 1. 1.],10.0,best,1000,100,100,0.5,0.5,0.5,0.5,0.5,0.1,0.5,1,10,,tuning_size
190,0.07172609820805215,0.260379,0.003850399783617676,0.5,0.5,0.04936683421085425,[0.         0.         0.         0.         0.14183522 0.08888273 0.         0.         0.24846556 0.         0.         0.         0.         0.         0.         0.         0.         0.02138871 0.         0.         0.03811435 0.         0.01978872 0.         0.         0.         0.07952697 0.23643064 0.         0.04329387 0.08227322],[0. 0. 0. 0. 1. 1. 0. 0. 1. 0. 0. 0. 0. 0. 0. 0. 0. 1. 0. 0. 1. 0. 1. 0. 0. 0. 1. 1. 0. 1. 1.],10.0,best,1000,100,100,0.5,0.5,0.5,0.5,0.5,0.1,0.5,1,10,,tuning_size
200,0.07129842283656848,0.215056,0.0027836664867382996,0.5,0.5,0.1092707395990717,[0.         0.07645717 0.         0.         0.20145712 0.09825987 0.         0.         0.         0.         0.02903352 0.01701581 0.02994229 0.         0.         0.         0.         0.         0.06560803 0.         0.         0.         0.         0.06157159 0.         0.         0.         0.25279102 0.         0.         0.16786358],[0. 1. 0. 0. 1. 1. 0. 0. 0. 0. 1. 1. 1. 0. 0. 0. 0. 0. 1. 0. 0. 0. 0. 1. 0. 0. 0. 1. 0. 0. 1.],10.0,best,1000,100,100,0.5,0.5,0.5,0.5,0.5,0.1,0.5,1,10,,tuning_size
210,0.07129842283656848,0.215056,0.0027836664867382996,0.5,0.5,-0.0035205278946455532,[0.         0.07645717 0.         0.         0.20145712 0.09825987 0.         0.         0.         0.         0.02903352 0.01701581 0.02994229 0.         0.         0.         0.         0.         0.06560803 0.         0.         0.         0.         0.06157159 0.         0.         0.         0.25279102 0.         0.         0.16786358],[0. 1. 0. 0. 1. 1. 0. 0. 0. 0. 1. 1. 1. 0. 0. 0. 0. 0. 1. 0. 0. 0. 0. 1. 0. 0. 0. 1. 0. 0. 1.],10.0,best,1000,100,100,0.5,0.5,0.5,0.5,0.5,0.1,0.5,1,10,,tuning_size
220,0.07129842283656848,0.215056,0.0027836664867382996,0.5,0.5,0.0241890128616859,[0.         0.07645717 0.         0.         0.20145712 0.09825987 0.         0.         0.         0.         0.02903352 0.01701581 0.02994229 0.         0.         0.         0.         0.         0.06560803 0.         0.         0.         0.         0.06157159 0.         0.         0.         0.25279102 0.         0.         0.16786358],[0. 1. 0. 0. 1. 1. 0. 0. 0. 0. 1. 1. 1. 0. 0. 0. 0. 0. 1. 0. 0. 0. 0. 1. 0. 0. 0. 1. 0. 0. 1.],10.0,best,1000,100,100,0.5,0.5,0.5,0.5,0.5,0.1,0.5,1,10,,tuning_size
230,0.07129842283656848,0.215056,0.0027836664867382996,0.5,0.5,-0.12630396177271536,[0.         0.07645717 0.         0.         0.20145712 0.09825987 0.         0.         0.         0.         0.02903352 0.01701581 0.02994229 0.         0.         0.         0.         0.         0.06560803 0.         0.         0.         0.         0.06157159 0.         0.         0.         0.25279102 0.         0.         0.16786358],[0. 1. 0. 0. 1. 1. 0. 0. 0. 0. 1. 1. 1. 0. 0. 0. 0. 0. 1. 0. 0. 0. 0. 1. 0. 0. 0. 1. 0. 0. 1.],10.0,best,1000,100,100,0.5,0.5,0.5,0.5,0.5,0.1,0.5,1,10,,tuning_size
240,0.0656003770495763,0.244032,0.004186793617402616,0.5,0.5,-0.04803925197434705,[0.         0.         0.         0.         0.14749959 0.         0.         0.         0.01725246 0.         0.         0.         0.0678105  0.03483219 0.         0.20095132 0.01926888 0.         0.         0.         0.04147263 0.         0.         0.11611889 0.         0.1593942  0.         0.19539933 0.         0.         0.        ],[0. 0. 0. 0. 1. 0. 0. 0. 1. 0. 0. 0. 1. 1. 0. 1. 1. 0. 0. 0. 1. 0. 0. 1. 0. 1. 0. 1. 0. 0. 0.],10.0,best,1000,100,100,0.5,0.5,0.5,0.5,0.5,0.1,0.5,1,10,,tuning_size
250,0.0656003770495763,0.244032,0.004186793617402616,0.5,0.5,-0.0017360515198971947,[0.         0.         0.         0.         0.14749959 0.         0.         0.         0.01725246 0.         0.         0.         0.0678105  0.03483219 0.         0.20095132 0.01926888 0.         0.         0.         0.04147263 0.         0.         0.11611889 0.         0.1593942  0.         0.19539933 0.         0.         0.        ],[0. 0. 0. 0. 1. 0. 0. 0. 1. 0. 0. 0. 1. 1. 0. 1. 1. 0. 0. 0. 1. 0. 0. 1. 0. 1. 0. 1. 0. 0. 0.],10.0,best,1000,100,100,0.5,0.5,0.5,0.5,0.5,0.1,0.5,1,10,,tuning_size
260,0.0656003770495763,0.244032,0.004186793617402616,0.5,0.5,0.06182560129903521,[0.         0.         0.         0.         0.14749959 0.         0.         0.         0.01725246 0.         0.         0.         0.0678105  0.03483219 0.         0.20095132 0.01926888 0.         0.         0.         0.04147263 0.         0.         0.11611889 0.         0.1593942  0.         0.19539933 0.         0.         0.        ],[0. 0. 0. 0. 1. 0. 0. 0. 1. 0. 0. 0. 1. 1. 0. 1. 1. 0. 0. 0. 1. 0. 0. 1. 0. 1. 0. 1. 0. 0. 0.],10.0,best,1000,100,100,0.5,0.5,0.5,0.5,0.5,0.1,0.5,1,10,,tuning_size
270,0.0656003770495763,0.244032,0.004186793617402616,0.5,0.5,-0.013766958892369395,[0.         0.         0.         0.         0.14749959 0.         0.         0.         0.01725246 0.         0.         0.         0.0678105  0.03483219 0.         0.20095132 0.01926888 0.         0.         0.         0.04147263 0.         0.         0.11611889 0.         0.1593942  0.         0.19539933 0.         0.         0.        ],[0. 0. 0. 0. 1. 0. 0. 0. 1. 0. 0. 0. 1. 1. 0. 1. 1. 0. 0. 0. 1. 0. 0. 1. 0. 1. 0. 1. 0. 0. 0.],10.0,best,1000,100,100,0.5,0.5,0.5,0.5,0.5,0.1,0.5,1,10,,tuning_size
280,0.0656003770495763,0.244032,0.004186793617402616,0.5,0.5,-0.034036559987534486,[0.         0.         0.         0.         0.14749959 0.         0.         0.         0.01725246 0.         0.         0.         0.0678105  0.03483219 0.         0.20095132 0.01926888 0.         0.         0.         0.04147263 0.         0.         0.11611889 0.         0.1593942  0.         0.19539933 0.         0.         0.        ],[0. 0. 0. 0. 1. 0. 0. 0. 1. 0. 0. 0. 1. 1. 0. 1. 1. 0. 0. 0. 1. 0. 0. 1. 0. 1. 0. 1. 0. 0. 0.],10.0,best,1000,100,100,0.5,0.5,0.5,0.5,0.5,0.1,0.5,1,10,,tuning_size
290,0.0656003770495763,0.244032,0.004186793617402616,0.5,0.5,-0.028043840742744405,[0.         0.         0.         0.         0.14749959 0.         0.         0.         0.01725246 0.         0.         0.         0.0678105  0.03483219 0.         0.20095132 0.01926888 0.         0.         0.         0.04147263 0.         0.         0.11611889 0.         0.1593942  0.         0.19539933 0.         0.         0.        ],[0. 0. 0. 0. 1. 0. 0. 0. 1. 0. 0. 0. 1. 1. 0. 1. 1. 0. 0. 0. 1. 0. 0. 1. 0. 1. 0. 1. 0. 0. 0.],10.0,best,1000,100,100,0.5,0.5,0.5,0.5,0.5,0.1,0.5,1,10,,tuning_size
300,0.0656003770495763,0.244032,0.004186793617402616,0.5,0.5,-0.01751997308941281,[0.         0.         0.         0.         0.14749959 0.         0.         0.         0.01725246 0.         0.         0.         0.0678105  0.03483219 0.         0.20095132 0.01926888 0.         0.         0.         0.04147263 0.         0.         0.11611889 0.         0.1593942  0.         0.19539933 0.         0.         0.        ],[0. 0. 0. 0. 1. 0. 0. 0. 1. 0. 0. 0. 1. 1. 0. 1. 1. 0. 0. 0. 1. 0. 0. 1. 0. 1. 0. 1. 0. 0. 0.],10.0,best,1000,100,100,0.5,0.5,0.5,0.5,0.5,0.1,0.5,1,10,,tuning_size
310,0.0656003770495763,0.244032,0.004186793617402616,0.5,0.5,-0.011893701462214894,[0.         0.         0.         0.         0.14749959 0.         0.         0.         0.01725246 0.         0.         0.         0.0678105  0.03483219 0.         0.20095132 0.01926888 0.         0.         0.         0.04147263 0.         0.         0.11611889 0.         0.1593942  0.         0.19539933 0.         0.         0.        ],[0. 0. 0. 0. 1. 0. 0. 0. 1. 0. 0. 0. 1. 1. 0. 1. 1. 0. 0. 0. 1. 0. 0. 1. 0. 1. 0. 1. 0. 0. 0.],10.0,best,1000,100,100,0.5,0.5,0.5,0.5,0.5,0.1,0.5,1,10,,tuning_size
320,0.0656003770495763,0.244032,0.004186793617402616,0.5,0.5,-0.03356470088046022,[0.         0.         0.         0.         0.14749959 0.         0.         0.         0.01725246 0.         0.         0.         0.0678105  0.03483219 0.         0.20095132 0.01926888 0.         0.         0.         0.04147263 0.         0.         0.11611889 0.         0.1593942  0.         0.19539933 0.         0.         0.        ],[0. 0. 0. 0. 1. 0. 0. 0. 1. 0. 0. 0. 1. 1. 0. 1. 1. 0. 0. 0. 1. 0. 0. 1. 0. 1. 0. 1. 0. 0. 0.],10.0,best,1000,100,100,0.5,0.5,0.5,0.5,0.5,0.1,0.5,1,10,,tuning_size
330,0.0656003770495763,0.244032,0.004186793617402616,0.5,0.5,-0.019695420511150998,[0.         0.         0.         0.         0.14749959 0.         0.         0.         0.01725246 0.         0.         0.         0.0678105  0.03483219 0.         0.20095132 0.01926888 0.         0.         0.         0.04147263 0.         0.         0.11611889 0.         0.1593942  0.         0.19539933 0.         0.         0.        ],[0. 0. 0. 0. 1. 0. 0. 0. 1. 0. 0. 0. 1. 1. 0. 1. 1. 0. 0. 0. 1. 0. 0. 1. 0. 1. 0. 1. 0. 0. 0.],10.0,best,1000,100,100,0.5,0.5,0.5,0.5,0.5,0.1,0.5,1,10,,tuning_size
340,0.0656003770495763,0.244032,0.004186793617402616,0.5,0.5,0.008231887860026646,[0.         0.         0.         0.         0.14749959 0.         0.         0.         0.01725246 0.         0.         0.         0.0678105  0.03483219 0.         0.20095132 0.01926888 0.         0.         0.         0.04147263 0.         0.         0.11611889 0.         0.1593942  0.         0.19539933 0.         0.         0.        ],[0. 0. 0. 0. 1. 0. 0. 0. 1. 0. 0. 0. 1. 1. 0. 1. 1. 0. 0. 0. 1. 0. 0. 1. 0. 1. 0. 1. 0. 0. 0.],10.0,best,1000,100,100,0.5,0.5,0.5,0.5,0.5,0.1,0.5,1,10,,tuning_size
350,0.0656003770495763,0.244032,0.004186793617402616,0.5,0.5,-0.012608715066788815,[0.         0.         0.         0.         0.14749959 0.         0.         0.         0.01725246 0.         0.         0.         0.0678105  0.03483219 0.         0.20095132 0.01926888 0.         0.         0.         0.04147263 0.         0.         0.11611889 0.         0.1593942  0.         0.19539933 0.         0.         0.        ],[0. 0. 0. 0. 1. 0. 0. 0. 1. 0. 0. 0. 1. 1. 0. 1. 1. 0. 0. 0. 1. 0. 0. 1. 0. 1. 0. 1. 0. 0. 0.],10.0,best,1000,100,100,0.5,0.5,0.5,0.5,0.5,0.1,0.5,1,10,,tuning_size
360,0.0656003770495763,0.244032,0.004186793617402616,0.5,0.5,-0.039728604960121636,[0.         0.         0.         0.         0.14749959 0.         0.         0.         0.01725246 0.         0.         0.         0.0678105  0.03483219 0.         0.20095132 0.01926888 0.         0.         0.         0.04147263 0.         0.         0.11611889 0.         0.1593942  0.         0.19539933 0.         0.         0.        ],[0. 0. 0. 0. 1. 0. 0. 0. 1. 0. 0. 0. 1. 1. 0. 1. 1. 0. 0. 0. 1. 0. 0. 1. 0. 1. 0. 1. 0. 0. 0.],10.0,best,1000,100,100,0.5,0.5,0.5,0.5,0.5,0.1,0.5,1,10,,tuning_size
370,0.0656003770495763,0.244032,0.004186793617402616,0.5,0.5,-0.04589432949293796,[0.         0.         0.         0.         0.14749959 0.         0.         0.         0.01725246 0.         0.         0.         0.0678105  0.03483219 0.         0.20095132 0.01926888 0.         0.         0.         0.04147263 0.         0.         0.11611889 0.         0.1593942  0.         0.19539933 0.         0.         0.        ],[0. 0. 0. 0. 1. 0. 0. 0. 1. 0. 0. 0. 1. 1. 0. 1. 1. 0. 0. 0. 1. 0. 0. 1. 0. 1. 0. 1. 0. 0. 0.],10.0,best,1000,100,100,0.5,0.5,0.5,0.5,0.5,0.1,0.5,1,10,,tuning_size
380,0.0656003770495763,0.244032,0.004186793617402616,0.5,0.5,-0.033272018096794094,[0.         0.         0.         0.         0.14749959 0.         0.         0.         0.01725246 0.         0.         0.         0.0678105  0.03483219 0.         0.20095132 0.01926888 0.         0.         0.         0.04147263 0.         0.         0.11611889 0.         0.1593942  0.         0.19539933 0.         0.         0.        ],[0. 0. 0. 0. 1. 0. 0. 0. 1. 0. 0. 0. 1. 1. 0. 1. 1. 0. 0. 0. 1. 0. 0. 1. 0. 1. 0. 1. 0. 0. 0.],10.0,best,1000,100,100,0.5,0.5,0.5,0.5,0.5,0.1,0.5,1,10,,tuning_size
390,0.0656003770495763,0.244032,0.004186793617402616,0.5,0.5,0.015601410005177103,[0.         0.         0.         0.         0.14749959 0.         0.         0.         0.01725246 0.         0.         0.         0.0678105  0.03483219 0.         0.20095132 0.01926888 0.         0.         0.         0.04147263 0.         0.         0.11611889 0.         0.1593942  0.         0.19539933 0.         0.         0.        ],[0. 0. 0. 0. 1. 0. 0. 0. 1. 0. 0. 0. 1. 1. 0. 1. 1. 0. 0. 0. 1. 0. 0. 1. 0. 1. 0. 1. 0. 0. 0.],10.0,best,1000,100,100,0.5,0.5,0.5,0.5,0.5,0.1,0.5,1,10,,tuning_size
400,0.0656003770495763,0.244032,0.004186793617402616,0.5,0.5,-0.11586931444475278,[0.         0.         0.         0.         0.14749959 0.         0.         0.         0.01725246 0.         0.         0.         0.0678105  0.03483219 0.         0.20095132 0.01926888 0.         0.         0.         0.04147263 0.         0.         0.11611889 0.         0.1593942  0.         0.19539933 0.         0.         0.        ],[0. 0. 0. 0. 1. 0. 0. 0. 1. 0. 0. 0. 1. 1. 0. 1. 1. 0. 0. 0. 1. 0. 0. 1. 0. 1. 0. 1. 0. 0. 0.],10.0,best,1000,100,100,0.5,0.5,0.5,0.5,0.5,0.1,0.5,1,10,,tuning_size
410,0.0656003770495763,0.244032,0.004186793617402616,0.5,0.5,-0.08034353175754194,[0.         0.         0.         0.         0.14749959 0.         0.         0.         0.01725246 0.         0.         0.         0.0678105  0.03483219 0.         0.20095132 0.01926888 0.         0.         0.         0.04147263 0.         0.         0.11611889 0.         0.1593942  0.         0.19539933 0.         0.         0.        ],[0. 0. 0. 0. 1. 0. 0. 0. 1. 0. 0. 0. 1. 1. 0. 1. 1. 0. 0. 0. 1. 0. 0. 1. 0. 1. 0. 1. 0. 0. 0.],10.0,best,1000,100,100,0.5,0.5,0.5,0.5,0.5,0.1,0.5,1,10,,tuning_size
420,0.0656003770495763,0.244032,0.004186793617402616,0.5,0.5,-0.004139601128871335,[0.         0.         0.         0.         0.14749959 0.         0.         0.         0.01725246 0.         0.         0.         0.0678105  0.03483219 0.         0.20095132 0.01926888 0.         0.         0.         0.04147263 0.         0.         0.11611889 0.         0.1593942  0.         0.19539933 0.         0.         0.        ],[0. 0. 0. 0. 1. 0. 0. 0. 1. 0. 0. 0. 1. 1. 0. 1. 1. 0. 0. 0. 1. 0. 0. 1. 0. 1. 0. 1. 0. 0. 0.],10.0,best,1000,100,100,0.5,0.5,0.5,0.5,0.5,0.1,0.5,1,10,,tuning_size
430,0.0656003770495763,0.244032,0.004186793617402616,0.5,0.5,-0.03999665471365918,[0.         0.         0.         0.         0.14749959 0.         0.         0.         0.01725246 0.         0.         0.         0.0678105  0.03483219 0.         0.20095132 0.01926888 0.         0.         0.         0.04147263 0.         0.         0.11611889 0.         0.1593942  0.         0.19539933 0.         0.         0.        ],[0. 0. 0. 0. 1. 0. 0. 0. 1. 0. 0. 0. 1. 1. 0. 1. 1. 0. 0. 0. 1. 0. 0. 1. 0. 1. 0. 1. 0. 0. 0.],10.0,best,1000,100,100,0.5,0.5,0.5,0.5,0.5,0.1,0.5,1,10,,tuning_size
440,0.0656003770495763,0.244032,0.004186793617402616,0.5,0.5,0.003016085055248768,[0.         0.         0.         0.         0.14749959 0.         0.         0.         0.01725246 0.         0.         0.         0.0678105  0.03483219 0.         0.20095132 0.01926888 0.         0.         0.         0.04147263 0.         0.         0.11611889 0.         0.1593942  0.         0.19539933 0.         0.         0.        ],[0. 0. 0. 0. 1. 0. 0. 0. 1. 0. 0. 0. 1. 1. 0. 1. 1. 0. 0. 0. 1. 0. 0. 1. 0. 1. 0. 1. 0. 0. 0.],10.0,best,1000,100,100,0.5,0.5,0.5,0.5,0.5,0.1,0.5,1,10,,tuning_size
450,0.0656003770495763,0.244032,0.004186793617402616,0.5,0.5,-0.03322658588477356,[0.         0.         0.         0.         0.14749959 0.         0.         0.         0.01725246 0.         0.         0.         0.0678105  0.03483219 0.         0.20095132 0.01926888 0.         0.         0.         0.04147263 0.         0.         0.11611889 0.         0.1593942  0.         0.19539933 0.         0.         0.        ],[0. 0. 0. 0. 1. 0. 0. 0. 1. 0. 0. 0. 1. 1. 0. 1. 1. 0. 0. 0. 1. 0. 0. 1. 0. 1. 0. 1. 0. 0. 0.],10.0,best,1000,100,100,0.5,0.5,0.5,0.5,0.5,0.1,0.5,1,10,,tuning_size
460,0.0656003770495763,0.244032,0.004186793617402616,0.5,0.5,-0.05356087665699775,[0.         0.         0.         0.         0.14749959 0.         0.         0.         0.01725246 0.         0.         0.         0.0678105  0.03483219 0.         0.20095132 0.01926888 0.         0.         0.         0.04147263 0.         0.         0.11611889 0.         0.1593942  0.         0.19539933 0.         0.         0.        ],[0. 0. 0. 0. 1. 0. 0. 0. 1. 0. 0. 0. 1. 1. 0. 1. 1. 0. 0. 0. 1. 0. 0. 1. 0. 1. 0. 1. 0. 0. 0.],10.0,best,1000,100,100,0.5,0.5,0.5,0.5,0.5,0.1,0.5,1,10,,tuning_size
470,0.0656003770495763,0.244032,0.004186793617402616,0.5,0.5,0.04947908679168383,[0.         0.         0.         0.         0.14749959 0.         0.         0.         0.01725246 0.         0.         0.         0.0678105  0.03483219 0.         0.20095132 0.01926888 0.         0.         0.         0.04147263 0.         0.         0.11611889 0.         0.1593942  0.         0.19539933 0.         0.         0.        ],[0. 0. 0. 0. 1. 0. 0. 0. 1. 0. 0. 0. 1. 1. 0. 1. 1. 0. 0. 0. 1. 0. 0. 1. 0. 1. 0. 1. 0. 0. 0.],10.0,best,1000,100,100,0.5,0.5,0.5,0.5,0.5,0.1,0.5,1,10,,tuning_size
480,0.0656003770495763,0.244032,0.004186793617402616,0.5,0.5,0.010345422045883665,[0.         0.         0.         0.         0.14749959 0.         0.         0.         0.01725246 0.         0.         0.         0.0678105  0.03483219 0.         0.20095132 0.01926888 0.         0.         0.         0.04147263 0.         0.         0.11611889 0.         0.1593942  0.         0.19539933 0.         0.         0.        ],[0. 0. 0. 0. 1. 0. 0. 0. 1. 0. 0. 0. 1. 1. 0. 1. 1. 0. 0. 0. 1. 0. 0. 1. 0. 1. 0. 1. 0. 0. 0.],10.0,best,1000,100,100,0.5,0.5,0.5,0.5,0.5,0.1,0.5,1,10,,tuning_size
490,0.0656003770495763,0.244032,0.004186793617402616,0.5,0.5,0.02131064233650037,[0.         0.         0.         0.         0.14749959 0.         0.         0.         0.01725246 0.         0.         0.         0.0678105  0.03483219 0.         0.20095132 0.01926888 0.         0.         0.         0.04147263 0.         0.         0.11611889 0.         0.1593942  0.         0.19539933 0.         0.         0.        ],[0. 0. 0. 0. 1. 0. 0. 0. 1. 0. 0. 0. 1. 1. 0. 1. 1. 0. 0. 0. 1. 0. 0. 1. 0. 1. 0. 1. 0. 0. 0.],10.0,best,1000,100,100,0.5,0.5,0.5,0.5,0.5,0.1,0.5,1,10,,tuning_size
500,0.0656003770495763,0.244032,0.004186793617402616,0.5,0.5,-0.050143164646390716,[0.         0.         0.         0.         0.14749959 0.         0.         0.         0.01725246 0.         0.         0.         0.0678105  0.03483219 0.         0.20095132 0.01926888 0.         0.         0.         0.04147263 0.         0.         0.11611889 0.         0.1593942  0.         0.19539933 0.         0.         0.        ],[0. 0. 0. 0. 1. 0. 0. 0. 1. 0. 0. 0. 1. 1. 0. 1. 1. 0. 0. 0. 1. 0. 0. 1. 0. 1. 0. 1. 0. 0. 0.],10.0,best,1000,100,100,0.5,0.5,0.5,0.5,0.5,0.1,0.5,1,10,,tuning_size
510,0.0656003770495763,0.244032,0.004186793617402616,0.5,0.5,-0.0023418129100406604,[0.         0.         0.         0.         0.14749959 0.         0.         0.         0.01725246 0.         0.         0.         0.0678105  0.03483219 0.         0.20095132 0.01926888 0.         0.         0.         0.04147263 0.         0.         0.11611889 0.         0.1593942  0.         0.19539933 0.         0.         0.        ],[0. 0. 0. 0. 1. 0. 0. 0. 1. 0. 0. 0. 1. 1. 0. 1. 1. 0. 0. 0. 1. 0. 0. 1. 0. 1. 0. 1. 0. 0. 0.],10.0,best,1000,100,100,0.5,0.5,0.5,0.5,0.5,0.1,0.5,1,10,,tuning_size
520,0.0656003770495763,0.244032,0.004186793617402616,0.5,0.5,-0.056847292286427764,[0.         0.         0.         0.         0.14749959 0.         0.         0.         0.01725246 0.         0.         0.         0.0678105  0.03483219 0.         0.20095132 0.01926888 0.         0.         0.         0.04147263 0.         0.         0.11611889 0.         0.1593942  0.         0.19539933 0.         0.         0.        ],[0. 0. 0. 0. 1. 0. 0. 0. 1. 0. 0. 0. 1. 1. 0. 1. 1. 0. 0. 0. 1. 0. 0. 1. 0. 1. 0. 1. 0. 0. 0.],10.0,best,1000,100,100,0.5,0.5,0.5,0.5,0.5,0.1,0.5,1,10,,tuning_size
530,0.0656003770495763,0.244032,0.004186793617402616,0.5,0.5,-0.044892048928484404,[0.         0.         0.         0.         0.14749959 0.         0.         0.         0.01725246 0.         0.         0.         0.0678105  0.03483219 0.         0.20095132 0.01926888 0.         0.         0.         0.04147263 0.         0.         0.11611889 0.         0.1593942  0.         0.19539933 0.         0.         0.        ],[0. 0. 0. 0. 1. 0. 0. 0. 1. 0. 0. 0. 1. 1. 0. 1. 1. 0. 0. 0. 1. 0. 0. 1. 0. 1. 0. 1. 0. 0. 0.],10.0,best,1000,100,100,0.5,0.5,0.5,0.5,0.5,0.1,0.5,1,10,,tuning_size
540,0.0656003770495763,0.244032,0.004186793617402616,0.5,0.5,0.11884362222969976,[0.         0.         0.         0.         0.14749959 0.         0.         0.         0.01725246 0.         0.         0.         0.0678105  0.03483219 0.         0.20095132 0.01926888 0.         0.         0.         0.04147263 0.         0.         0.11611889 0.         0.1593942  0.         0.19539933 0.         0.         0.        ],[0. 0. 0. 0. 1. 0. 0. 0. 1. 0. 0. 0. 1. 1. 0. 1. 1. 0. 0. 0. 1. 0. 0. 1. 0. 1. 0. 1. 0. 0. 0.],10.0,best,1000,100,100,0.5,0.5,0.5,0.5,0.5,0.1,0.5,1,10,,tuning_size
550,0.0656003770495763,0.244032,0.004186793617402616,0.5,0.5,0.08071265266705328,[0.         0.         0.         0.         0.14749959 0.         0.         0.         0.01725246 0.         0.         0.         0.0678105  0.03483219 0.         0.20095132 0.01926888 0.         0.         0.         0.04147263 0.         0.         0.11611889 0.         0.1593942  0.         0.19539933 0.         0.         0.        ],[0. 0. 0. 0. 1. 0. 0. 0. 1. 0. 0. 0. 1. 1. 0. 1. 1. 0. 0. 0. 1. 0. 0. 1. 0. 1. 0. 1. 0. 0. 0.],10.0,best,1000,100,100,0.5,0.5,0.5,0.5,0.5,0.1,0.5,1,10,,tuning_size
560,0.0656003770495763,0.244032,0.004186793617402616,0.5,0.5,-0.02398129831547853,[0.         0.         0.         0.         0.14749959 0.         0.         0.         0.01725246 0.         0.         0.         0.0678105  0.03483219 0.         0.20095132 0.01926888 0.         0.         0.         0.04147263 0.         0.         0.11611889 0.         0.1593942  0.         0.19539933 0.         0.         0.        ],[0. 0. 0. 0. 1. 0. 0. 0. 1. 0. 0. 0. 1. 1. 0. 1. 1. 0. 0. 0. 1. 0. 0. 1. 0. 1. 0. 1. 0. 0. 0.],10.0,best,1000,100,100,0.5,0.5,0.5,0.5,0.5,0.1,0.5,1,10,,tuning_size
570,0.0656003770495763,0.244032,0.004186793617402616,0.5,0.5,-0.03506093531211533,[0.         0.         0.         0.         0.14749959 0.         0.         0.         0.01725246 0.         0.         0.         0.0678105  0.03483219 0.         0.20095132 0.01926888 0.         0.         0.         0.04147263 0.         0.         0.11611889 0.         0.1593942  0.         0.19539933 0.         0.         0.        ],[0. 0. 0. 0. 1. 0. 0. 0. 1. 0. 0. 0. 1. 1. 0. 1. 1. 0. 0. 0. 1. 0. 0. 1. 0. 1. 0. 1. 0. 0. 0.],10.0,best,1000,100,100,0.5,0.5,0.5,0.5,0.5,0.1,0.5,1,10,,tuning_size
580,0.0656003770495763,0.244032,0.004186793617402616,0.5,0.5,-0.011975483211867026,[0.         0.         0.         0.         0.14749959 0.         0.         0.         0.01725246 0.         0.         0.         0.0678105  0.03483219 0.         0.20095132 0.01926888 0.         0.         0.         0.04147263 0.         0.         0.11611889 0.         0.1593942  0.         0.19539933 0.         0.         0.        ],[0. 0. 0. 0. 1. 0. 0. 0. 1. 0. 0. 0. 1. 1. 0. 1. 1. 0. 0. 0. 1. 0. 0. 1. 0. 1. 0. 1. 0. 0. 0.],10.0,best,1000,100,100,0.5,0.5,0.5,0.5,0.5,0.1,0.5,1,10,,tuning_size
590,0.0656003770495763,0.244032,0.004186793617402616,0.5,0.5,0.048288340531929215,[0.         0.         0.         0.         0.14749959 0.         0.         0.         0.01725246 0.         0.         0.         0.0678105  0.03483219 0.         0.20095132 0.01926888 0.         0.         0.         0.04147263 0.         0.         0.11611889 0.         0.1593942  0.         0.19539933 0.         0.         0.        ],[0. 0. 0. 0. 1. 0. 0. 0. 1. 0. 0. 0. 1. 1. 0. 1. 1. 0. 0. 0. 1. 0. 0. 1. 0. 1. 0. 1. 0. 0. 0.],10.0,best,1000,100,100,0.5,0.5,0.5,0.5,0.5,0.1,0.5,1,10,,tuning_size
600,0.0656003770495763,0.244032,0.004186793617402616,0.5,0.5,-0.035970190164115214,[0.         0.         0.         0.         0.14749959 0.         0.         0.         0.01725246 0.         0.         0.         0.0678105  0.03483219 0.         0.20095132 0.01926888 0.         0.         0.         0.04147263 0.         0.         0.11611889 0.         0.1593942  0.         0.19539933 0.         0.         0.        ],[0. 0. 0. 0. 1. 0. 0. 0. 1. 0. 0. 0. 1. 1. 0. 1. 1. 0. 0. 0. 1. 0. 0. 1. 0. 1. 0. 1. 0. 0. 0.],10.0,best,1000,100,100,0.5,0.5,0.5,0.5,0.5,0.1,0.5,1,10,,tuning_size
610,0.0656003770495763,0.244032,0.004186793617402616,0.5,0.5,-0.092986003813514,[0.         0.         0.         0.         0.14749959 0.         0.         0.         0.01725246 0.         0.         0.         0.0678105  0.03483219 0.         0.20095132 0.01926888 0.         0.         0.         0.04147263 0.         0.         0.11611889 0.         0.1593942  0.         0.19539933 0.         0.         0.        ],[0. 0. 0. 0. 1. 0. 0. 0. 1. 0. 0. 0. 1. 1. 0. 1. 1. 0. 0. 0. 1. 0. 0. 1. 0. 1. 0. 1. 0. 0. 0.],10.0,best,1000,100,100,0.5,0.5,0.5,0.5,0.5,0.1,0.5,1,10,,tuning_size
620,0.0656003770495763,0.244032,0.004186793617402616,0.5,0.5,0.020340051629083568,[0.         0.         0.         0.         0.14749959 0.         0.         0.         0.01725246 0.         0.         0.         0.0678105  0.03483219 0.         0.20095132 0.01926888 0.         0.         0.         0.04147263 0.         0.         0.11611889 0.         0.1593942  0.         0.19539933 0.         0.         0.        ],[0. 0. 0. 0. 1. 0. 0. 0. 1. 0. 0. 0. 1. 1. 0. 1. 1. 0. 0. 0. 1. 0. 0. 1. 0. 1. 0. 1. 0. 0. 0.],10.0,best,1000,100,100,0.5,0.5,0.5,0.5,0.5,0.1,0.5,1,10,,tuning_size
630,0.0656003770495763,0.244032,0.004186793617402616,0.5,0.5,-0.027966686759743523,[0.         0.         0.         0.         0.14749959 0.         0.         0.         0.01725246 0.         0.         0.         0.0678105  0.03483219 0.         0.20095132 0.01926888 0.         0.         0.         0.04147263 0.         0.         0.11611889 0.         0.1593942  0.         0.19539933 0.         0.         0.        ],[0. 0. 0. 0. 1. 0. 0. 0. 1. 0. 0. 0. 1. 1. 0. 1. 1. 0. 0. 0. 1. 0. 0. 1. 0. 1. 0. 1. 0. 0. 0.],10.0,best,1000,100,100,0.5,0.5,0.5,0.5,0.5,0.1,0.5,1,10,,tuning_size
640,0.0656003770495763,0.244032,0.004186793617402616,0.5,0.5,-0.043123737113096056,[0.         0.         0.         0.         0.14749959 0.         0.         0.         0.01725246 0.         0.         0.         0.0678105  0.03483219 0.         0.20095132 0.01926888 0.         0.         0.         0.04147263 0.         0.         0.11611889 0.         0.1593942  0.         0.19539933 0.         0.         0.        ],[0. 0. 0. 0. 1. 0. 0. 0. 1. 0. 0. 0. 1. 1. 0. 1. 1. 0. 0. 0. 1. 0. 0. 1. 0. 1. 0. 1. 0. 0. 0.],10.0,best,1000,100,100,0.5,0.5,0.5,0.5,0.5,0.1,0.5,1,10,,tuning_size
650,0.0656003770495763,0.244032,0.004186793617402616,0.5,0.5,-0.011600537709820481,[0.         0.         0.         0.         0.14749959 0.         0.         0.         0.01725246 0.         0.         0.         0.0678105  0.03483219 0.         0.20095132 0.01926888 0.         0.         0.         0.04147263 0.         0.         0.11611889 0.         0.1593942  0.         0.19539933 0.         0.         0.        ],[0. 0. 0. 0. 1. 0. 0. 0. 1. 0. 0. 0. 1. 1. 0. 1. 1. 0. 0. 0. 1. 0. 0. 1. 0. 1. 0. 1. 0. 0. 0.],10.0,best,1000,100,100,0.5,0.5,0.5,0.5,0.5,0.1,0.5,1,10,,tuning_size
660,0.0656003770495763,0.244032,0.004186793617402616,0.5,0.5,-0.01633205459549694,[0.         0.         0.         0.         0.14749959 0.         0.         0.         0.01725246 0.         0.         0.         0.0678105  0.03483219 0.         0.20095132 0.01926888 0.         0.         0.         0.04147263 0.         0.         0.11611889 0.         0.1593942  0.         0.19539933 0.         0.         0.        ],[0. 0. 0. 0. 1. 0. 0. 0. 1. 0. 0. 0. 1. 1. 0. 1. 1. 0. 0. 0. 1. 0. 0. 1. 0. 1. 0. 1. 0. 0. 0.],10.0,best,1000,100,100,0.5,0.5,0.5,0.5,0.5,0.1,0.5,1,10,,tuning_size
670,0.0656003770495763,0.244032,0.004186793617402616,0.5,0.5,0.027950328899946114,[0.         0.         0.         0.         0.14749959 0.         0.         0.         0.01725246 0.         0.         0.         0.0678105  0.03483219 0.         0.20095132 0.01926888 0.         0.         0.         0.04147263 0.         0.         0.11611889 0.         0.1593942  0.         0.19539933 0.         0.         0.        ],[0. 0. 0. 0. 1. 0. 0. 0. 1. 0. 0. 0. 1. 1. 0. 1. 1. 0. 0. 0. 1. 0. 0. 1. 0. 1. 0. 1. 0. 0. 0.],10.0,best,1000,100,100,0.5,0.5,0.5,0.5,0.5,0.1,0.5,1,10,,tuning_size
680,0.0656003770495763,0.244032,0.004186793617402616,0.5,0.5,-0.014242509499952786,[0.         0.         0.         0.         0.14749959 0.         0.         0.         0.01725246 0.         0.         0.         0.0678105  0.03483219 0.         0.20095132 0.01926888 0.         0.         0.         0.04147263 0.         0.         0.11611889 0.         0.1593942  0.         0.19539933 0.         0.         0.        ],[0. 0. 0. 0. 1. 0. 0. 0. 1. 0. 0. 0. 1. 1. 0. 1. 1. 0. 0. 0. 1. 0. 0. 1. 0. 1. 0. 1. 0. 0. 0.],10.0,best,1000,100,100,0.5,0.5,0.5,0.5,0.5,0.1,0.5,1,10,,tuning_size
690,0.0656003770495763,0.244032,0.004186793617402616,0.5,0.5,-0.06299038210093513,[0.         0.         0.         0.         0.14749959 0.         0.         0.         0.01725246 0.         0.         0.         0.0678105  0.03483219 0.         0.20095132 0.01926888 0.         0.         0.         0.04147263 0.         0.         0.11611889 0.         0.1593942  0.         0.19539933 0.         0.         0.        ],[0. 0. 0. 0. 1. 0. 0. 0. 1. 0. 0. 0. 1. 1. 0. 1. 1. 0. 0. 0. 1. 0. 0. 1. 0. 1. 0. 1. 0. 0. 0.],10.0,best,1000,100,100,0.5,0.5,0.5,0.5,0.5,0.1,0.5,1,10,,tuning_size
700,0.0656003770495763,0.244032,0.004186793617402616,0.5,0.5,0.009863341651971384,[0.         0.         0.         0.         0.14749959 0.         0.         0.         0.01725246 0.         0.         0.         0.0678105  0.03483219 0.         0.20095132 0.01926888 0.         0.         0.         0.04147263 0.         0.         0.11611889 0.         0.1593942  0.         0.19539933 0.         0.         0.        ],[0. 0. 0. 0. 1. 0. 0. 0. 1. 0. 0. 0. 1. 1. 0. 1. 1. 0. 0. 0. 1. 0. 0. 1. 0. 1. 0. 1. 0. 0. 0.],10.0,best,1000,100,100,0.5,0.5,0.5,0.5,0.5,0.1,0.5,1,10,,tuning_size
710,0.0656003770495763,0.244032,0.004186793617402616,0.5,0.5,-0.0006671122717231548,[0.         0.         0.         0.         0.14749959 0.         0.         0.         0.01725246 0.         0.         0.         0.0678105  0.03483219 0.         0.20095132 0.01926888 0.         0.         0.         0.04147263 0.         0.         0.11611889 0.         0.1593942  0.         0.19539933 0.         0.         0.        ],[0. 0. 0. 0. 1. 0. 0. 0. 1. 0. 0. 0. 1. 1. 0. 1. 1. 0. 0. 0. 1. 0. 0. 1. 0. 1. 0. 1. 0. 0. 0.],10.0,best,1000,100,100,0.5,0.5,0.5,0.5,0.5,0.1,0.5,1,10,,tuning_size
720,0.0656003770495763,0.244032,0.004186793617402616,0.5,0.5,-0.03264932781820774,[0.         0.         0.         0.         0.14749959 0.         0.         0.         0.01725246 0.         0.         0.         0.0678105  0.03483219 0.         0.20095132 0.01926888 0.         0.         0.         0.04147263 0.         0.         0.11611889 0.         0.1593942  0.         0.19539933 0.         0.         0.        ],[0. 0. 0. 0. 1. 0. 0. 0. 1. 0. 0. 0. 1. 1. 0. 1. 1. 0. 0. 0. 1. 0. 0. 1. 0. 1. 0. 1. 0. 0. 0.],10.0,best,1000,100,100,0.5,0.5,0.5,0.5,0.5,0.1,0.5,1,10,,tuning_size
730,0.0656003770495763,0.244032,0.004186793617402616,0.5,0.5,-0.03908163896493311,[0.         0.         0.         0.         0.14749959 0.         0.         0.         0.01725246 0.         0.         0.         0.0678105  0.03483219 0.         0.20095132 0.01926888 0.         0.         0.         0.04147263 0.         0.         0.11611889 0.         0.1593942  0.         0.19539933 0.         0.         0.        ],[0. 0. 0. 0. 1. 0. 0. 0. 1. 0. 0. 0. 1. 1. 0. 1. 1. 0. 0. 0. 1. 0. 0. 1. 0. 1. 0. 1. 0. 0. 0.],10.0,best,1000,100,100,0.5,0.5,0.5,0.5,0.5,0.1,0.5,1,10,,tuning_size
740,0.0656003770495763,0.244032,0.004186793617402616,0.5,0.5,0.0220116111818188,[0.         0.         0.         0.         0.14749959 0.         0.         0.         0.01725246 0.         0.         0.         0.0678105  0.03483219 0.         0.20095132 0.01926888 0.         0.         0.         0.04147263 0.         0.         0.11611889 0.         0.1593942  0.         0.19539933 0.         0.         0.        ],[0. 0. 0. 0. 1. 0. 0. 0. 1. 0. 0. 0. 1. 1. 0. 1. 1. 0. 0. 0. 1. 0. 0. 1. 0. 1. 0. 1. 0. 0. 0.],10.0,best,1000,100,100,0.5,0.5,0.5,0.5,0.5,0.1,0.5,1,10,,tuning_size
750,0.0656003770495763,0.244032,0.004186793617402616,0.5,0.5,-0.0031276193914642047,[0.         0.         0.         0.         0.14749959 0.         0.         0.         0.01725246 0.         0.         0.         0.0678105  0.03483219 0.         0.20095132 0.01926888 0.         0.         0.         0.04147263 0.         0.         0.11611889 0.         0.1593942  0.         0.19539933 0.         0.         0.        ],[0. 0. 0. 0. 1. 0. 0. 0. 1. 0. 0. 0. 1. 1. 0. 1. 1. 0. 0. 0. 1. 0. 0. 1. 0. 1. 0. 1. 0. 0. 0.],10.0,best,1000,100,100,0.5,0.5,0.5,0.5,0.5,0.1,0.5,1,10,,tuning_size
760,0.0656003770495763,0.244032,0.004186793617402616,0.5,0.5,-0.019415112432497304,[0.         0.         0.         0.         0.14749959 0.         0.         0.         0.01725246 0.         0.         0.         0.0678105  0.03483219 0.         0.20095132 0.01926888 0.         0.         0.         0.04147263 0.         0.         0.11611889 0.         0.1593942  0.         0.19539933 0.         0.         0.        ],[0. 0. 0. 0. 1. 0. 0. 0. 1. 0. 0. 0. 1. 1. 0. 1. 1. 0. 0. 0. 1. 0. 0. 1. 0. 1. 0. 1. 0. 0. 0.],10.0,best,1000,100,100,0.5,0.5,0.5,0.5,0.5,0.1,0.5,1,10,,tuning_size
770,0.0656003770495763,0.244032,0.004186793617402616,0.5,0.5,0.04965965672301761,[0.         0.         0.         0.         0.14749959 0.         0.         0.         0.01725246 0.         0.         0.         0.0678105  0.03483219 0.         0.20095132 0.01926888 0.         0.         0.         0.04147263 0.         0.         0.11611889 0.         0.1593942  0.         0.19539933 0.         0.         0.        ],[0. 0. 0. 0. 1. 0. 0. 0. 1. 0. 0. 0. 1. 1. 0. 1. 1. 0. 0. 0. 1. 0. 0. 1. 0. 1. 0. 1. 0. 0. 0.],10.0,best,1000,100,100,0.5,0.5,0.5,0.5,0.5,0.1,0.5,1,10,,tuning_size
780,0.06177438636585312,0.193169,0.004450819412770244,0.5,0.5,-0.02764222805426052,[0.02830837 0.06949475 0.         0.         0.2922223  0.         0.         0.         0.         0.         0.02350637 0.02704375 0.         0.         0.         0.02802835 0.         0.11376773 0.         0.         0.         0.         0.         0.         0.         0.32919473 0.02272917 0.         0.         0.06570448 0.        ],[1. 1. 0. 0. 1. 0. 0. 0. 0. 0. 1. 1. 0. 0. 0. 1. 0. 1. 0. 0. 0. 0. 0. 0. 0. 1. 1. 0. 0. 1. 0.],10.0,best,1000,100,100,0.5,0.5,0.5,0.5,0.5,0.1,0.5,1,10,,tuning_size
790,0.06177438636585312,0.193169,0.004450819412770244,0.5,0.5,0.04717206801492416,[0.02830837 0.06949475 0.         0.         0.2922223  0.         0.         0.         0.         0.         0.02350637 0.02704375 0.         0.         0.         0.02802835 0.         0.11376773 0.         0.         0.         0.         0.         0.         0.         0.32919473 0.02272917 0.         0.         0.06570448 0.        ],[1. 1. 0. 0. 1. 0. 0. 0. 0. 0. 1. 1. 0. 0. 0. 1. 0. 1. 0. 0. 0. 0. 0. 0. 0. 1. 1. 0. 0. 1. 0.],10.0,best,1000,100,100,0.5,0.5,0.5,0.5,0.5,0.1,0.5,1,10,,tuning_size
800,0.06177438636585312,0.193169,0.004450819412770244,0.5,0.5,-0.044131570406632355,[0.02830837 0.06949475 0.         0.         0.2922223  0.         0.         0.         0.         0.         0.02350637 0.02704375 0.         0.         0.         0.02802835 0.         0.11376773 0.         0.         0.         0.         0.         0.         0.         0.32919473 0.02272917 0.         0.         0.06570448 0.        ],[1. 1. 0. 0. 1. 0. 0. 0. 0. 0. 1. 1. 0. 0. 0. 1. 0. 1. 0. 0. 0. 0. 0. 0. 0. 1. 1. 0. 0. 1. 0.],10.0,best,1000,100,100,0.5,0.5,0.5,0.5,0.5,0.1,0.5,1,10,,tuning_size
810,0.06177438636585312,0.193169,0.004450819412770244,0.5,0.5,0.02918631392674147,[0.02830837 0.06949475 0.         0.         0.2922223  0.         0.         0.         0.         0.         0.02350637 0.02704375 0.         0.         0.         0.02802835 0.         0.11376773 0.         0.         0.         0.         0.         0.         0.         0.32919473 0.02272917 0.         0.         0.06570448 0.        ],[1. 1. 0. 0. 1. 0. 0. 0. 0. 0. 1. 1. 0. 0. 0. 1. 0. 1. 0. 0. 0. 0. 0. 0. 0. 1. 1. 0. 0. 1. 0.],10.0,best,1000,100,100,0.5,0.5,0.5,0.5,0.5,0.1,0.5,1,10,,tuning_size
820,0.06177438636585312,0.193169,0.004450819412770244,0.5,0.5,0.03989415961679658,[0.02830837 0.06949475 0.         0.         0.2922223  0.         0.         0.         0.         0.         0.02350637 0.02704375 0.         0.         0.         0.02802835 0.         0.11376773 0.         0.         0.         0.         0.         0.         0.         0.32919473 0.02272917 0.         0.         0.06570448 0.        ],[1. 1. 0. 0. 1. 0. 0. 0. 0. 0. 1. 1. 0. 0. 0. 1. 0. 1. 0. 0. 0. 0. 0. 0. 0. 1. 1. 0. 0. 1. 0.],10.0,best,1000,100,100,0.5,0.5,0.5,0.5,0.5,0.1,0.5,1,10,,tuning_size
830,0.06177438636585312,0.193169,0.004450819412770244,0.5,0.5,0.06076716869954471,[0.02830837 0.06949475 0.         0.         0.2922223  0.         0.         0.         0.         0.         0.02350637 0.02704375 0.         0.         0.         0.02802835 0.         0.11376773 0.         0.         0.         0.         0.         0.         0.         0.32919473 0.02272917 0.         0.         0.06570448 0.        ],[1. 1. 0. 0. 1. 0. 0. 0. 0. 0. 1. 1. 0. 0. 0. 1. 0. 1. 0. 0. 0. 0. 0. 0. 0. 1. 1. 0. 0. 1. 0.],10.0,best,1000,100,100,0.5,0.5,0.5,0.5,0.5,0.1,0.5,1,10,,tuning_size
840,0.06177438636585312,0.193169,0.004450819412770244,0.5,0.5,-0.02207161273689741,[0.02830837 0.06949475 0.         0.         0.2922223  0.         0.         0.         0.         0.         0.02350637 0.02704375 0.         0.         0.         0.02802835 0.         0.11376773 0.         0.         0.         0.         0.         0.         0.         0.32919473 0.02272917 0.         0.         0.06570448 0.        ],[1. 1. 0. 0. 1. 0. 0. 0. 0. 0. 1. 1. 0. 0. 0. 1. 0. 1. 0. 0. 0. 0. 0. 0. 0. 1. 1. 0. 0. 1. 0.],10.0,best,1000,100,100,0.5,0.5,0.5,0.5,0.5,0.1,0.5,1,10,,tuning_size
850,0.06177438636585312,0.193169,0.004450819412770244,0.5,0.5,-0.01891906658263232,[0.02830837 0.06949475 0.         0.         0.2922223  0.         0.         0.         0.         0.         0.02350637 0.02704375 0.         0.         0.         0.02802835 0.         0.11376773 0.         0.         0.         0.         0.         0.         0.         0.32919473 0.02272917 0.         0.         0.06570448 0.        ],[1. 1. 0. 0. 1. 0. 0. 0. 0. 0. 1. 1. 0. 0. 0. 1. 0. 1. 0. 0. 0. 0. 0. 0. 0. 1. 1. 0. 0. 1. 0.],10.0,best,1000,100,100,0.5,0.5,0.5,0.5,0.5,0.1,0.5,1,10,,tuning_size
860,0.06177438636585312,0.193169,0.004450819412770244,0.5,0.5,-0.06367456105396048,[0.02830837 0.06949475 0.         0.         0.2922223  0.         0.         0.         0.         0.         0.02350637 0.02704375 0.         0.         0.         0.02802835 0.         0.11376773 0.         0.         0.         0.         0.         0.         0.         0.32919473 0.02272917 0.         0.         0.06570448 0.        ],[1. 1. 0. 0. 1. 0. 0. 0. 0. 0. 1. 1. 0. 0. 0. 1. 0. 1. 0. 0. 0. 0. 0. 0. 0. 1. 1. 0. 0. 1. 0.],10.0,best,1000,100,100,0.5,0.5,0.5,0.5,0.5,0.1,0.5,1,10,,tuning_size
870,0.06177438636585312,0.193169,0.004450819412770244,0.5,0.5,-0.04598853747123202,[0.02830837 0.06949475 0.         0.         0.2922223  0.         0.         0.         0.         0.         0.02350637 0.02704375 0.         0.         0.         0.02802835 0.         0.11376773 0.         0.         0.         0.         0.         0.         0.         0.32919473 0.02272917 0.         0.         0.06570448 0.        ],[1. 1. 0. 0. 1. 0. 0. 0. 0. 0. 1. 1. 0. 0. 0. 1. 0. 1. 0. 0. 0. 0. 0. 0. 0. 1. 1. 0. 0. 1. 0.],10.0,best,1000,100,100,0.5,0.5,0.5,0.5,0.5,0.1,0.5,1,10,,tuning_size
880,0.06177438636585312,0.193169,0.004450819412770244,0.5,0.5,-0.026231264526398086,[0.02830837 0.06949475 0.         0.         0.2922223  0.         0.         0.         0.         0.         0.02350637 0.02704375 0.         0.         0.         0.02802835 0.         0.11376773 0.         0.         0.         0.         0.         0.         0.         0.32919473 0.02272917 0.         0.         0.06570448 0.        ],[1. 1. 0. 0. 1. 0. 0. 0. 0. 0. 1. 1. 0. 0. 0. 1. 0. 1. 0. 0. 0. 0. 0. 0. 0. 1. 1. 0. 0. 1. 0.],10.0,best,1000,100,100,0.5,0.5,0.5,0.5,0.5,0.1,0.5,1,10,,tuning_size
890,0.06177438636585312,0.193169,0.004450819412770244,0.5,0.5,-0.008814329004139086,[0.02830837 0.06949475 0.         0.         0.2922223  0.         0.         0.         0.         0.         0.02350637 0.02704375 0.         0.         0.         0.02802835 0.         0.11376773 0.         0.         0.         0.         0.         0.         0.         0.32919473 0.02272917 0.         0.         0.06570448 0.        ],[1. 1. 0. 0. 1. 0. 0. 0. 0. 0. 1. 1. 0. 0. 0. 1. 0. 1. 0. 0. 0. 0. 0. 0. 0. 1. 1. 0. 0. 1. 0.],10.0,best,1000,100,100,0.5,0.5,0.5,0.5,0.5,0.1,0.5,1,10,,tuning_size
900,0.06177438636585312,0.193169,0.004450819412770244,0.5,0.5,-0.027524434504918777,[0.02830837 0.06949475 0.         0.         0.2922223  0.         0.         0.         0.         0.         0.02350637 0.02704375 0.         0.         0.         0.02802835 0.         0.11376773 0.         0.         0.         0.         0.         0.         0.         0.32919473 0.02272917 0.         0.         0.06570448 0.        ],[1. 1. 0. 0. 1. 0. 0. 0. 0. 0. 1. 1. 0. 0. 0. 1. 0. 1. 0. 0. 0. 0. 0. 0. 0. 1. 1. 0. 0. 1. 0.],10.0,best,1000,100,100,0.5,0.5,0.5,0.5,0.5,0.1,0.5,1,10,,tuning_size
910,0.06177438636585312,0.193169,0.004450819412770244,0.5,0.5,0.028881170884725107,[0.02830837 0.06949475 0.         0.         0.2922223  0.         0.         0.         0.         0.         0.02350637 0.02704375 0.         0.         0.         0.02802835 0.         0.11376773 0.         0.         0.         0.         0.         0.         0.         0.32919473 0.02272917 0.         0.         0.06570448 0.        ],[1. 1. 0. 0. 1. 0. 0. 0. 0. 0. 1. 1. 0. 0. 0. 1. 0. 1. 0. 0. 0. 0. 0. 0. 0. 1. 1. 0. 0. 1. 0.],10.0,best,1000,100,100,0.5,0.5,0.5,0.5,0.5,0.1,0.5,1,10,,tuning_size
920,0.06177438636585312,0.193169,0.004450819412770244,0.5,0.5,-0.026004794524728227,[0.02830837 0.06949475 0.         0.         0.2922223  0.         0.         0.         0.         0.         0.02350637 0.02704375 0.         0.         0.         0.02802835 0.         0.11376773 0.         0.         0.         0.         0.         0.         0.         0.32919473 0.02272917 0.         0.         0.06570448 0.        ],[1. 1. 0. 0. 1. 0. 0. 0. 0. 0. 1. 1. 0. 0. 0. 1. 0. 1. 0. 0. 0. 0. 0. 0. 0. 1. 1. 0. 0. 1. 0.],10.0,best,1000,100,100,0.5,0.5,0.5,0.5,0.5,0.1,0.5,1,10,,tuning_size
930,0.06177438636585312,0.193169,0.004450819412770244,0.5,0.5,0.033381789513414285,[0.02830837 0.06949475 0.         0.         0.2922223  0.         0.         0.         0.         0.         0.02350637 0.02704375 0.         0.         0.         0.02802835 0.         0.11376773 0.         0.         0.         0.         0.         0.         0.         0.32919473 0.02272917 0.         0.         0.06570448 0.        ],[1. 1. 0. 0. 1. 0. 0. 0. 0. 0. 1. 1. 0. 0. 0. 1. 0. 1. 0. 0. 0. 0. 0. 0. 0. 1. 1. 0. 0. 1. 0.],10.0,best,1000,100,100,0.5,0.5,0.5,0.5,0.5,0.1,0.5,1,10,,tuning_size
940,0.06177438636585312,0.193169,0.004450819412770244,0.5,0.5,0.057326595035642205,[0.02830837 0.06949475 0.         0.         0.2922223  0.         0.         0.         0.         0.         0.02350637 0.02704375 0.         0.         0.         0.02802835 0.         0.11376773 0.         0.         0.         0.         0.         0.         0.         0.32919473 0.02272917 0.         0.         0.06570448 0.        ],[1. 1. 0. 0. 1. 0. 0. 0. 0. 0. 1. 1. 0. 0. 0. 1. 0. 1. 0. 0. 0. 0. 0. 0. 0. 1. 1. 0. 0. 1. 0.],10.0,best,1000,100,100,0.5,0.5,0.5,0.5,0.5,0.1,0.5,1,10,,tuning_size
950,0.06177438636585312,0.193169,0.004450819412770244,0.5,0.5,0.016156115302082774,[0.02830837 0.06949475 0.         0.         0.2922223  0.         0.         0.         0.         0.         0.02350637 0.02704375 0.         0.         0.         0.02802835 0.         0.11376773 0.         0.         0.         0.         0.         0.         0.         0.32919473 0.02272917 0.         0.         0.06570448 0.        ],[1. 1. 0. 0. 1. 0. 0. 0. 0. 0. 1. 1. 0. 0. 0. 1. 0. 1. 0. 0. 0. 0. 0. 0. 0. 1. 1. 0. 0. 1. 0.],10.0,best,1000,100,100,0.5,0.5,0.5,0.5,0.5,0.1,0.5,1,10,,tuning_size
960,0.06177438636585312,0.193169,0.004450819412770244,0.5,0.5,-0.10480876690087733,[0.02830837 0.06949475 0.         0.         0.2922223  0.         0.         0.         0.         0.         0.02350637 0.02704375 0.         0.         0.         0.02802835 0.         0.11376773 0.         0.         0.         0.         0.         0.         0.         0.32919473 0.02272917 0.         0.         0.06570448 0.        ],[1. 1. 0. 0. 1. 0. 0. 0. 0. 0. 1. 1. 0. 0. 0. 1. 0. 1. 0. 0. 0. 0. 0. 0. 0. 1. 1. 0. 0. 1. 0.],10.0,best,1000,100,100,0.5,0.5,0.5,0.5,0.5,0.1,0.5,1,10,,tuning_size
970,0.06177438636585312,0.193169,0.004450819412770244,0.5,0.5,0.06234461616149996,[0.02830837 0.06949475 0.         0.         0.2922223  0.         0.         0.         0.         0.         0.02350637 0.02704375 0.         0.         0.         0.02802835 0.         0.11376773 0.         0.         0.         0.         0.         0.         0.         0.32919473 0.02272917 0.         0.         0.06570448 0.        ],[1. 1. 0. 0. 1. 0. 0. 0. 0. 0. 1. 1. 0. 0. 0. 1. 0. 1. 0. 0. 0. 0. 0. 0. 0. 1. 1. 0. 0. 1. 0.],10.0,best,1000,100,100,0.5,0.5,0.5,0.5,0.5,0.1,0.5,1,10,,tuning_size
980,0.06177438636585312,0.193169,0.004450819412770244,0.5,0.5,0.027751516951738966,[0.02830837 0.06949475 0.         0.         0.2922223  0.         0.         0.         0.         0.         0.02350637 0.02704375 0.         0.         0.         0.02802835 0.         0.11376773 0.         0.         0.         0.         0.         0.         0.         0.32919473 0.02272917 0.         0.         0.06570448 0.        ],[1. 1. 0. 0. 1. 0. 0. 0. 0. 0. 1. 1. 0. 0. 0. 1. 0. 1. 0. 0. 0. 0. 0. 0. 0. 1. 1. 0. 0. 1. 0.],10.0,best,1000,100,100,0.5,0.5,0.5,0.5,0.5,0.1,0.5,1,10,,tuning_size
990,0.06177438636585312,0.193169,0.004450819412770244,0.5,0.5,-0.02189960374525716,[0.02830837 0.06949475 0.         0.         0.2922223  0.         0.         0.         0.         0.         0.02350637 0.02704375 0.         0.         0.         0.02802835 0.         0.11376773 0.         0.         0.         0.         0.         0.         0.         0.32919473 0.02272917 0.         0.         0.06570448 0.        ],[1. 1. 0. 0. 1. 0. 0. 0. 0. 0. 1. 1. 0. 0. 0. 1. 0. 1. 0. 0. 0. 0. 0. 0. 0. 1. 1. 0. 0. 1. 0.],10.0,best,1000,100,100,0.5,0.5,0.5,0.5,0.5,0.1,0.5,1,10,,tuning_size
999,0.06177438636585312,0.193169,0.004450819412770244,0.5,0.5,0.08244676671633316,[0.02830837 0.06949475 0.         0.         0.2922223  0.         0.         0.         0.         0.         0.02350637 0.02704375 0.         0.         0.         0.02802835 0.         0.11376773 0.         0.         0.         0.         0.         0.         0.         0.32919473 0.02272917 0.         0.         0.06570448 0.        ],[1. 1. 0. 0. 1. 0. 0. 0. 0. 0. 1. 1. 0. 0. 0. 1. 0. 1. 0. 0. 0. 0. 0. 0. 0. 1. 1. 0. 0. 1. 0.],10.0,best,1000,100,100,0.5,0.5,0.5,0.5,0.5,0.1,0.5,1,10,,tuning_size
