iter,cost,return,par,move,X,Z,Q,max_iter,mem_size,mem_consider,sigma,port_n,k,seed,tag
1,0.16491829483890022,0.0057435198436912634,0.4,-16.99000398269639,[0.01413264 0.01210233 0.01351775 0.         0.         0.01063169 0.01849304 0.         0.01063055 0.         0.         0.         0.         0.         0.         0.01872047 0.         0.         0.         0.         0.         0.         0.         0.01535071 0.         0.88642082 0.         0.         0.         0.         0.        ],[1. 1. 1. 0. 0. 1. 1. 0. 1. 0. 0. 0. 0. 0. 0. 1. 0. 0. 0. 0. 0. 0. 0. 1. 0. 1. 0. 0. 0. 0. 0.],9.0,10000,30,0.6,10,1,9,,problem_solving
100,0.056866050502161175,0.005785581278142571,0.4,-5.208722768057124,[0.01413264 0.01210233 0.01351775 0.         0.         0.01063169 0.01849304 0.         0.01063055 0.         0.         0.         0.         0.         0.         0.01872047 0.         0.         0.         0.         0.         0.         0.         0.01535071 0.         0.88642082 0.         0.         0.         0.         0.        ],[1. 1. 1. 0. 0. 1. 1. 0. 1. 0. 0. 0. 0. 0. 0. 1. 0. 0. 0. 0. 0. 0. 0. 1. 0. 1. 0. 0. 0. 0. 0.],9.0,10000,30,0.6,10,1,9,,problem_solving
200,0.056866050502161175,0.005785581278142571,0.4,-2.4842030365362717,[0.01413264 0.01210233 0.01351775 0.         0.         0.01063169 0.01849304 0.         0.01063055 0.         0.         0.         0.         0.         0.         0.01872047 0.         0.         0.         0.         0.         0.         0.         0.01535071 0.         0.88642082 0.         0.         0.         0.         0.        ],[1. 1. 1. 0. 0. 1. 1. 0. 1. 0. 0. 0. 0. 0. 0. 1. 0. 0. 0. 0. 0. 0. 0. 1. 0. 1. 0. 0. 0. 0. 0.],9.0,10000,30,0.6,10,1,9,,problem_solving
300,0.056866050502161175,0.005785581278142571,0.4,-4.93990824370731,[0.01413264 0.01210233 0.01351775 0.         0.         0.01063169 0.01849304 0.         0.01063055 0.         0.         0.         0.         0.         0.         0.01872047 0.         0.         0.         0.         0.         0.         0.         0.01535071 0.         0.88642082 0.         0.         0.         0.         0.        ],[1. 1. 1. 0. 0. 1. 1. 0. 1. 0. 0. 0. 0. 0. 0. 1. 0. 0. 0. 0. 0. 0. 0. 1. 0. 1. 0. 0. 0. 0. 0.],9.0,10000,30,0.6,10,1,9,,problem_solving
400,0.05662938030586233,0.0036451284513489123,0.4,13.964403587981112,[0.         0.         0.01264816 0.         0.89149818 0.         0.         0.         0.         0.         0.         0.         0.         0.01043698 0.         0.         0.         0.01200377 0.         0.01049293 0.         0.         0.         0.         0.         0.         0.01305222 0.         0.01534676 0.01725183 0.01726916],[0. 0. 1. 0. 1. 0. 0. 0. 0. 0. 0. 0. 0. 1. 0. 0. 0. 1. 0. 1. 0. 0. 0. 0. 0. 0. 1. 0. 1. 1. 1.],9.0,10000,30,0.6,10,1,9,,problem_solving
500,0.03627807739097787,0.004568951726013253,0.4,20.164493246245474,[0.         0.         0.         0.         0.         0.         0.01089444 0.         0.01099243 0.01747328 0.01091723 0.         0.         0.02195595 0.         0.         0.         0.         0.         0.01253898 0.         0.         0.         0.         0.         0.0246183  0.         0.86846867 0.         0.         0.02214071],[0. 0. 0. 0. 0. 0. 1. 0. 1. 1. 1. 0. 0. 1. 0. 0. 0. 0. 0. 1. 0. 0. 0. 0. 0. 1. 0. 1. 0. 0. 1.],9.0,10000,30,0.6,10,1,9,,problem_solving
600,0.03627807739097787,0.004568951726013253,0.4,8.387202544305438,[0.         0.         0.         0.         0.         0.         0.01089444 0.         0.01099243 0.01747328 0.01091723 0.         0.         0.02195595 0.         0.         0.         0.         0.         0.01253898 0.         0.         0.         0.         0.         0.0246183  0.         0.86846867 0.         0.         0.02214071],[0. 0. 0. 0. 0. 0. 1. 0. 1. 1. 1. 0. 0. 1. 0. 0. 0. 0. 0. 1. 0. 0. 0. 0. 0. 1. 0. 1. 0. 0. 1.],9.0,10000,30,0.6,10,1,9,,problem_solving
700,0.03627807739097787,0.004568951726013253,0.4,-7.97213943390843,[0.         0.         0.         0.         0.         0.         0.01089444 0.         0.01099243 0.01747328 0.01091723 0.         0.         0.02195595 0.         0.         0.         0.         0.         0.01253898 0.         0.         0.         0.         0.         0.0246183  0.         0.86846867 0.         0.         0.02214071],[0. 0. 0. 0. 0. 0. 1. 0. 1. 1. 1. 0. 0. 1. 0. 0. 0. 0. 0. 1. 0. 0. 0. 0. 0. 1. 0. 1. 0. 0. 1.],9.0,10000,30,0.6,10,1,9,,problem_solving
800,0.03627807739097787,0.004568951726013253,0.4,-4.257073430025309,[0.         0.         0.         0.         0.         0.         0.01089444 0.         0.01099243 0.01747328 0.01091723 0.         0.         0.02195595 0.         0.         0.         0.         0.         0.01253898 0.         0.         0.         0.         0.         0.0246183  0.         0.86846867 0.         0.         0.02214071],[0. 0. 0. 0. 0. 0. 1. 0. 1. 1. 1. 0. 0. 1. 0. 0. 0. 0. 0. 1. 0. 0. 0. 0. 0. 1. 0. 1. 0. 0. 1.],9.0,10000,30,0.6,10,1,9,,problem_solving
900,0.03627807739097787,0.004568951726013253,0.4,-4.403606510902265,[0.         0.         0.         0.         0.         0.         0.01089444 0.         0.01099243 0.01747328 0.01091723 0.         0.         0.02195595 0.         0.         0.         0.         0.         0.01253898 0.         0.         0.         0.         0.         0.0246183  0.         0.86846867 0.         0.         0.02214071],[0. 0. 0. 0. 0. 0. 1. 0. 1. 1. 1. 0. 0. 1. 0. 0. 0. 0. 0. 1. 0. 0. 0. 0. 0. 1. 0. 1. 0. 0. 1.],9.0,10000,30,0.6,10,1,9,,problem_solving
1000,0.03627807739097787,0.004568951726013253,0.4,0.7280994474544213,[0.         0.         0.         0.         0.         0.         0.01089444 0.         0.01099243 0.01747328 0.01091723 0.         0.         0.02195595 0.         0.         0.         0.         0.         0.01253898 0.         0.         0.         0.         0.         0.0246183  0.         0.86846867 0.         0.         0.02214071],[0. 0. 0. 0. 0. 0. 1. 0. 1. 1. 1. 0. 0. 1. 0. 0. 0. 0. 0. 1. 0. 0. 0. 0. 0. 1. 0. 1. 0. 0. 1.],9.0,10000,30,0.6,10,1,9,,problem_solving
1100,0.03627807739097787,0.004568951726013253,0.4,13.242281524547614,[0.         0.         0.         0.         0.         0.         0.01089444 0.         0.01099243 0.01747328 0.01091723 0.         0.         0.02195595 0.         0.         0.         0.         0.         0.01253898 0.         0.         0.         0.         0.         0.0246183  0.         0.86846867 0.         0.         0.02214071],[0. 0. 0. 0. 0. 0. 1. 0. 1. 1. 1. 0. 0. 1. 0. 0. 0. 0. 0. 1. 0. 0. 0. 0. 0. 1. 0. 1. 0. 0. 1.],9.0,10000,30,0.6,10,1,9,,problem_solving
1200,0.03627807739097787,0.004568951726013253,0.4,-4.074568894049171,[0.         0.         0.         0.         0.         0.         0.01089444 0.         0.01099243 0.01747328 0.01091723 0.         0.         0.02195595 0.         0.         0.         0.         0.         0.01253898 0.         0.         0.         0.         0.         0.0246183  0.         0.86846867 0.         0.         0.02214071],[0. 0. 0. 0. 0. 0. 1. 0. 1. 1. 1. 0. 0. 1. 0. 0. 0. 0. 0. 1. 0. 0. 0. 0. 0. 1. 0. 1. 0. 0. 1.],9.0,10000,30,0.6,10,1,9,,problem_solving
1300,0.03627807739097787,0.004568951726013253,0.4,-11.62080513765856,[0.         0.         0.         0.         0.         0.         0.01089444 0.         0.01099243 0.01747328 0.01091723 0.         0.         0.02195595 0.         0.         0.         0.         0.         0.01253898 0.         0.         0.         0.         0.         0.0246183  0.         0.86846867 0.         0.         0.02214071],[0. 0. 0. 0. 0. 0. 1. 0. 1. 1. 1. 0. 0. 1. 0. 0. 0. 0. 0. 1. 0. 0. 0. 0. 0. 1. 0. 1. 0. 0. 1.],9.0,10000,30,0.6,10,1,9,,problem_solving
1400,0.03599227576009888,0.004638705438146018,0.4,6.365913588166729,[0.01068901 0.         0.         0.02259679 0.01294463 0.         0.         0.         0.         0.         0.         0.         0.         0.         0.01714293 0.01483562 0.         0.0106238  0.         0.01222934 0.         0.         0.         0.01573246 0.         0.         0.         0.88320541 0.         0.         0.        ],[1. 0. 0. 1. 1. 0. 0. 0. 0. 0. 0. 0. 0. 0. 1. 1. 0. 1. 0. 1. 0. 0. 0. 1. 0. 0. 0. 1. 0. 0. 0.],9.0,10000,30,0.6,10,1,9,,problem_solving
1500,0.03599227576009888,0.004638705438146018,0.4,-10.240681148679055,[0.01068901 0.         0.         0.02259679 0.01294463 0.         0.         0.         0.         0.         0.         0.         0.         0.         0.01714293 0.01483562 0.         0.0106238  0.         0.01222934 0.         0.         0.         0.01573246 0.         0.         0.         0.88320541 0.         0.         0.        ],[1. 0. 0. 1. 1. 0. 0. 0. 0. 0. 0. 0. 0. 0. 1. 1. 0. 1. 0. 1. 0. 0. 0. 1. 0. 0. 0. 1. 0. 0. 0.],9.0,10000,30,0.6,10,1,9,,problem_solving
1600,0.03599227576009888,0.004638705438146018,0.4,-10.40381258169949,[0.01068901 0.         0.         0.02259679 0.01294463 0.         0.         0.         0.         0.         0.         0.         0.         0.         0.01714293 0.01483562 0.         0.0106238  0.         0.01222934 0.         0.         0.         0.01573246 0.         0.         0.         0.88320541 0.         0.         0.        ],[1. 0. 0. 1. 1. 0. 0. 0. 0. 0. 0. 0. 0. 0. 1. 1. 0. 1. 0. 1. 0. 0. 0. 1. 0. 0. 0. 1. 0. 0. 0.],9.0,10000,30,0.6,10,1,9,,problem_solving
1700,0.030912259216484883,0.004647116111050875,0.4,-4.942559961010887,[0.         0.         0.         0.         0.         0.         0.01513147 0.         0.         0.         0.0129233  0.01155983 0.         0.01046178 0.         0.         0.         0.         0.01369384 0.         0.         0.         0.         0.01337218 0.         0.89787589 0.         0.         0.         0.01102354 0.01395819],[0. 0. 0. 0. 0. 0. 1. 0. 0. 0. 1. 1. 0. 1. 0. 0. 0. 0. 1. 0. 0. 0. 0. 1. 0. 1. 0. 0. 0. 1. 1.],9.0,10000,30,0.6,10,1,9,,problem_solving
1800,0.030912259216484883,0.004647116111050875,0.4,2.734127222530878,[0.         0.         0.         0.         0.         0.         0.01513147 0.         0.         0.         0.0129233  0.01155983 0.         0.01046178 0.         0.         0.         0.         0.01369384 0.         0.         0.         0.         0.01337218 0.         0.89787589 0.         0.         0.         0.01102354 0.01395819],[0. 0. 0. 0. 0. 0. 1. 0. 0. 0. 1. 1. 0. 1. 0. 0. 0. 0. 1. 0. 0. 0. 0. 1. 0. 1. 0. 0. 0. 1. 1.],9.0,10000,30,0.6,10,1,9,,problem_solving
1900,0.030912259216484883,0.004647116111050875,0.4,-5.855040665408247,[0.         0.         0.         0.         0.         0.         0.01513147 0.         0.         0.         0.0129233  0.01155983 0.         0.01046178 0.         0.         0.         0.         0.01369384 0.         0.         0.         0.         0.01337218 0.         0.89787589 0.         0.         0.         0.01102354 0.01395819],[0. 0. 0. 0. 0. 0. 1. 0. 0. 0. 1. 1. 0. 1. 0. 0. 0. 0. 1. 0. 0. 0. 0. 1. 0. 1. 0. 0. 0. 1. 1.],9.0,10000,30,0.6,10,1,9,,problem_solving
2000,0.030912259216484883,0.004647116111050875,0.4,-12.874269700520102,[0.         0.         0.         0.         0.         0.         0.01513147 0.         0.         0.         0.0129233  0.01155983 0.         0.01046178 0.         0.         0.         0.         0.01369384 0.         0.         0.         0.         0.01337218 0.         0.89787589 0.         0.         0.         0.01102354 0.01395819],[0. 0. 0. 0. 0. 0. 1. 0. 0. 0. 1. 1. 0. 1. 0. 0. 0. 0. 1. 0. 0. 0. 0. 1. 0. 1. 0. 0. 0. 1. 1.],9.0,10000,30,0.6,10,1,9,,problem_solving
2100,0.030912259216484883,0.004647116111050875,0.4,7.7170372575065835,[0.         0.         0.         0.         0.         0.         0.01513147 0.         0.         0.         0.0129233  0.01155983 0.         0.01046178 0.         0.         0.         0.         0.01369384 0.         0.         0.         0.         0.01337218 0.         0.89787589 0.         0.         0.         0.01102354 0.01395819],[0. 0. 0. 0. 0. 0. 1. 0. 0. 0. 1. 1. 0. 1. 0. 0. 0. 0. 1. 0. 0. 0. 0. 1. 0. 1. 0. 0. 0. 1. 1.],9.0,10000,30,0.6,10,1,9,,problem_solving
2200,0.030912259216484883,0.004647116111050875,0.4,-0.4610276165785862,[0.         0.         0.         0.         0.         0.         0.01513147 0.         0.         0.         0.0129233  0.01155983 0.         0.01046178 0.         0.         0.         0.         0.01369384 0.         0.         0.         0.         0.01337218 0.         0.89787589 0.         0.         0.         0.01102354 0.01395819],[0. 0. 0. 0. 0. 0. 1. 0. 0. 0. 1. 1. 0. 1. 0. 0. 0. 0. 1. 0. 0. 0. 0. 1. 0. 1. 0. 0. 0. 1. 1.],9.0,10000,30,0.6,10,1,9,,problem_solving
2300,0.030912259216484883,0.004647116111050875,0.4,-4.147745924599847,[0.         0.         0.         0.         0.         0.         0.01513147 0.         0.         0.         0.0129233  0.01155983 0.         0.01046178 0.         0.         0.         0.         0.01369384 0.         0.         0.         0.         0.01337218 0.         0.89787589 0.         0.         0.         0.01102354 0.01395819],[0. 0. 0. 0. 0. 0. 1. 0. 0. 0. 1. 1. 0. 1. 0. 0. 0. 0. 1. 0. 0. 0. 0. 1. 0. 1. 0. 0. 0. 1. 1.],9.0,10000,30,0.6,10,1,9,,problem_solving
2400,0.030912259216484883,0.004647116111050875,0.4,7.524575388947841,[0.         0.         0.         0.         0.         0.         0.01513147 0.         0.         0.         0.0129233  0.01155983 0.         0.01046178 0.         0.         0.         0.         0.01369384 0.         0.         0.         0.         0.01337218 0.         0.89787589 0.         0.         0.         0.01102354 0.01395819],[0. 0. 0. 0. 0. 0. 1. 0. 0. 0. 1. 1. 0. 1. 0. 0. 0. 0. 1. 0. 0. 0. 0. 1. 0. 1. 0. 0. 0. 1. 1.],9.0,10000,30,0.6,10,1,9,,problem_solving
2500,0.030912259216484883,0.004647116111050875,0.4,-2.8617744504992295,[0.         0.         0.         0.         0.         0.         0.01513147 0.         0.         0.         0.0129233  0.01155983 0.         0.01046178 0.         0.         0.         0.         0.01369384 0.         0.         0.         0.         0.01337218 0.         0.89787589 0.         0.         0.         0.01102354 0.01395819],[0. 0. 0. 0. 0. 0. 1. 0. 0. 0. 1. 1. 0. 1. 0. 0. 0. 0. 1. 0. 0. 0. 0. 1. 0. 1. 0. 0. 0. 1. 1.],9.0,10000,30,0.6,10,1,9,,problem_solving
2600,0.030912259216484883,0.004647116111050875,0.4,11.234885763767245,[0.         0.         0.         0.         0.         0.         0.01513147 0.         0.         0.         0.0129233  0.01155983 0.         0.01046178 0.         0.         0.         0.         0.01369384 0.         0.         0.         0.         0.01337218 0.         0.89787589 0.         0.         0.         0.01102354 0.01395819],[0. 0. 0. 0. 0. 0. 1. 0. 0. 0. 1. 1. 0. 1. 0. 0. 0. 0. 1. 0. 0. 0. 0. 1. 0. 1. 0. 0. 0. 1. 1.],9.0,10000,30,0.6,10,1,9,,problem_solving
2700,0.030912259216484883,0.004647116111050875,0.4,4.433138193363055,[0.         0.         0.         0.         0.         0.         0.01513147 0.         0.         0.         0.0129233  0.01155983 0.         0.01046178 0.         0.         0.         0.         0.01369384 0.         0.         0.         0.         0.01337218 0.         0.89787589 0.         0.         0.         0.01102354 0.01395819],[0. 0. 0. 0. 0. 0. 1. 0. 0. 0. 1. 1. 0. 1. 0. 0. 0. 0. 1. 0. 0. 0. 0. 1. 0. 1. 0. 0. 0. 1. 1.],9.0,10000,30,0.6,10,1,9,,problem_solving
2800,0.030912259216484883,0.004647116111050875,0.4,7.9568364039420745,[0.         0.         0.         0.         0.         0.         0.01513147 0.         0.         0.         0.0129233  0.01155983 0.         0.01046178 0.         0.         0.         0.         0.01369384 0.         0.         0.         0.         0.01337218 0.         0.89787589 0.         0.         0.         0.01102354 0.01395819],[0. 0. 0. 0. 0. 0. 1. 0. 0. 0. 1. 1. 0. 1. 0. 0. 0. 0. 1. 0. 0. 0. 0. 1. 0. 1. 0. 0. 0. 1. 1.],9.0,10000,30,0.6,10,1,9,,problem_solving
2900,0.030899333275131523,0.00461032473044338,0.4,11.41335942907032,[0.         0.0157947  0.         0.         0.         0.         0.         0.         0.         0.         0.         0.01329047 0.         0.01044515 0.         0.         0.01676535 0.         0.         0.01192663 0.         0.         0.         0.         0.         0.88901021 0.01424757 0.01277136 0.         0.         0.01574858],[0. 1. 0. 0. 0. 0. 0. 0. 0. 0. 0. 1. 0. 1. 0. 0. 1. 0. 0. 1. 0. 0. 0. 0. 0. 1. 1. 1. 0. 0. 1.],9.0,10000,30,0.6,10,1,9,,problem_solving
3000,0.03078936221059729,0.004729449195438624,0.4,-9.521188753225529,[0.         0.         0.         0.         0.01674928 0.         0.01347451 0.         0.0136372  0.         0.017415   0.         0.         0.         0.         0.         0.         0.01532289 0.         0.01256673 0.         0.         0.         0.01704549 0.         0.87883113 0.         0.01495777 0.         0.         0.        ],[0. 0. 0. 0. 1. 0. 1. 0. 1. 0. 1. 0. 0. 0. 0. 0. 0. 1. 0. 1. 0. 0. 0. 1. 0. 1. 0. 1. 0. 0. 0.],9.0,10000,30,0.6,10,1,9,,problem_solving
3100,0.03078936221059729,0.004729449195438624,0.4,-2.3311814863384193,[0.         0.         0.         0.         0.01674928 0.         0.01347451 0.         0.0136372  0.         0.017415   0.         0.         0.         0.         0.         0.         0.01532289 0.         0.01256673 0.         0.         0.         0.01704549 0.         0.87883113 0.         0.01495777 0.         0.         0.        ],[0. 0. 0. 0. 1. 0. 1. 0. 1. 0. 1. 0. 0. 0. 0. 0. 0. 1. 0. 1. 0. 0. 0. 1. 0. 1. 0. 1. 0. 0. 0.],9.0,10000,30,0.6,10,1,9,,problem_solving
3200,0.03078936221059729,0.004729449195438624,0.4,-7.39932977994248,[0.         0.         0.         0.         0.01674928 0.         0.01347451 0.         0.0136372  0.         0.017415   0.         0.         0.         0.         0.         0.         0.01532289 0.         0.01256673 0.         0.         0.         0.01704549 0.         0.87883113 0.         0.01495777 0.         0.         0.        ],[0. 0. 0. 0. 1. 0. 1. 0. 1. 0. 1. 0. 0. 0. 0. 0. 0. 1. 0. 1. 0. 0. 0. 1. 0. 1. 0. 1. 0. 0. 0.],9.0,10000,30,0.6,10,1,9,,problem_solving
3300,0.03078936221059729,0.004729449195438624,0.4,-1.9863522868258596,[0.         0.         0.         0.         0.01674928 0.         0.01347451 0.         0.0136372  0.         0.017415   0.         0.         0.         0.         0.         0.         0.01532289 0.         0.01256673 0.         0.         0.         0.01704549 0.         0.87883113 0.         0.01495777 0.         0.         0.        ],[0. 0. 0. 0. 1. 0. 1. 0. 1. 0. 1. 0. 0. 0. 0. 0. 0. 1. 0. 1. 0. 0. 0. 1. 0. 1. 0. 1. 0. 0. 0.],9.0,10000,30,0.6,10,1,9,,problem_solving
3400,0.03078936221059729,0.004729449195438624,0.4,4.118674775996079,[0.         0.         0.         0.         0.01674928 0.         0.01347451 0.         0.0136372  0.         0.017415   0.         0.         0.         0.         0.         0.         0.01532289 0.         0.01256673 0.         0.         0.         0.01704549 0.         0.87883113 0.         0.01495777 0.         0.         0.        ],[0. 0. 0. 0. 1. 0. 1. 0. 1. 0. 1. 0. 0. 0. 0. 0. 0. 1. 0. 1. 0. 0. 0. 1. 0. 1. 0. 1. 0. 0. 0.],9.0,10000,30,0.6,10,1,9,,problem_solving
3500,0.03078936221059729,0.004729449195438624,0.4,-5.363063049436486,[0.         0.         0.         0.         0.01674928 0.         0.01347451 0.         0.0136372  0.         0.017415   0.         0.         0.         0.         0.         0.         0.01532289 0.         0.01256673 0.         0.         0.         0.01704549 0.         0.87883113 0.         0.01495777 0.         0.         0.        ],[0. 0. 0. 0. 1. 0. 1. 0. 1. 0. 1. 0. 0. 0. 0. 0. 0. 1. 0. 1. 0. 0. 0. 1. 0. 1. 0. 1. 0. 0. 0.],9.0,10000,30,0.6,10,1,9,,problem_solving
3600,0.030601204604474606,0.002393301727437056,0.4,-10.63106953006998,[0.01789857 0.         0.01761757 0.01055303 0.         0.         0.         0.         0.         0.         0.         0.01539187 0.         0.         0.         0.         0.         0.01501917 0.01705069 0.         0.01144554 0.         0.         0.         0.         0.         0.         0.88444172 0.         0.01058183 0.        ],[1. 0. 1. 1. 0. 0. 0. 0. 0. 0. 0. 1. 0. 0. 0. 0. 0. 1. 1. 0. 1. 0. 0. 0. 0. 0. 0. 1. 0. 1. 0.],9.0,10000,30,0.6,10,1,9,,problem_solving
3700,0.030601204604474606,0.002393301727437056,0.4,5.427238370680647,[0.01789857 0.         0.01761757 0.01055303 0.         0.         0.         0.         0.         0.         0.         0.01539187 0.         0.         0.         0.         0.         0.01501917 0.01705069 0.         0.01144554 0.         0.         0.         0.         0.         0.         0.88444172 0.         0.01058183 0.        ],[1. 0. 1. 1. 0. 0. 0. 0. 0. 0. 0. 1. 0. 0. 0. 0. 0. 1. 1. 0. 1. 0. 0. 0. 0. 0. 0. 1. 0. 1. 0.],9.0,10000,30,0.6,10,1,9,,problem_solving
3800,0.030601204604474606,0.002393301727437056,0.4,-8.323876425899536,[0.01789857 0.         0.01761757 0.01055303 0.         0.         0.         0.         0.         0.         0.         0.01539187 0.         0.         0.         0.         0.         0.01501917 0.01705069 0.         0.01144554 0.         0.         0.         0.         0.         0.         0.88444172 0.         0.01058183 0.        ],[1. 0. 1. 1. 0. 0. 0. 0. 0. 0. 0. 1. 0. 0. 0. 0. 0. 1. 1. 0. 1. 0. 0. 0. 0. 0. 0. 1. 0. 1. 0.],9.0,10000,30,0.6,10,1,9,,problem_solving
3900,0.030601204604474606,0.002393301727437056,0.4,21.56326757194,[0.01789857 0.         0.01761757 0.01055303 0.         0.         0.         0.         0.         0.         0.         0.01539187 0.         0.         0.         0.         0.         0.01501917 0.01705069 0.         0.01144554 0.         0.         0.         0.         0.         0.         0.88444172 0.         0.01058183 0.        ],[1. 0. 1. 1. 0. 0. 0. 0. 0. 0. 0. 1. 0. 0. 0. 0. 0. 1. 1. 0. 1. 0. 0. 0. 0. 0. 0. 1. 0. 1. 0.],9.0,10000,30,0.6,10,1,9,,problem_solving
4000,0.030601204604474606,0.002393301727437056,0.4,-2.637815933971588,[0.01789857 0.         0.01761757 0.01055303 0.         0.         0.         0.         0.         0.         0.         0.01539187 0.         0.         0.         0.         0.         0.01501917 0.01705069 0.         0.01144554 0.         0.         0.         0.         0.         0.         0.88444172 0.         0.01058183 0.        ],[1. 0. 1. 1. 0. 0. 0. 0. 0. 0. 0. 1. 0. 0. 0. 0. 0. 1. 1. 0. 1. 0. 0. 0. 0. 0. 0. 1. 0. 1. 0.],9.0,10000,30,0.6,10,1,9,,problem_solving
4100,0.030601204604474606,0.002393301727437056,0.4,-5.755711787947372,[0.01789857 0.         0.01761757 0.01055303 0.         0.         0.         0.         0.         0.         0.         0.01539187 0.         0.         0.         0.         0.         0.01501917 0.01705069 0.         0.01144554 0.         0.         0.         0.         0.         0.         0.88444172 0.         0.01058183 0.        ],[1. 0. 1. 1. 0. 0. 0. 0. 0. 0. 0. 1. 0. 0. 0. 0. 0. 1. 1. 0. 1. 0. 0. 0. 0. 0. 0. 1. 0. 1. 0.],9.0,10000,30,0.6,10,1,9,,problem_solving
4200,0.030601204604474606,0.002393301727437056,0.4,-4.0880445652807005,[0.01789857 0.         0.01761757 0.01055303 0.         0.         0.         0.         0.         0.         0.         0.01539187 0.         0.         0.         0.         0.         0.01501917 0.01705069 0.         0.01144554 0.         0.         0.         0.         0.         0.         0.88444172 0.         0.01058183 0.        ],[1. 0. 1. 1. 0. 0. 0. 0. 0. 0. 0. 1. 0. 0. 0. 0. 0. 1. 1. 0. 1. 0. 0. 0. 0. 0. 0. 1. 0. 1. 0.],9.0,10000,30,0.6,10,1,9,,problem_solving
4300,0.030601204604474606,0.002393301727437056,0.4,-3.3576096865811444,[0.01789857 0.         0.01761757 0.01055303 0.         0.         0.         0.         0.         0.         0.         0.01539187 0.         0.         0.         0.         0.         0.01501917 0.01705069 0.         0.01144554 0.         0.         0.         0.         0.         0.         0.88444172 0.         0.01058183 0.        ],[1. 0. 1. 1. 0. 0. 0. 0. 0. 0. 0. 1. 0. 0. 0. 0. 0. 1. 1. 0. 1. 0. 0. 0. 0. 0. 0. 1. 0. 1. 0.],9.0,10000,30,0.6,10,1,9,,problem_solving
4400,0.030601204604474606,0.002393301727437056,0.4,-7.204911187364732,[0.01789857 0.         0.01761757 0.01055303 0.         0.         0.         0.         0.         0.         0.         0.01539187 0.         0.         0.         0.         0.         0.01501917 0.01705069 0.         0.01144554 0.         0.         0.         0.         0.         0.         0.88444172 0.         0.01058183 0.        ],[1. 0. 1. 1. 0. 0. 0. 0. 0. 0. 0. 1. 0. 0. 0. 0. 0. 1. 1. 0. 1. 0. 0. 0. 0. 0. 0. 1. 0. 1. 0.],9.0,10000,30,0.6,10,1,9,,problem_solving
4500,0.030601204604474606,0.002393301727437056,0.4,-13.372456997162605,[0.01789857 0.         0.01761757 0.01055303 0.         0.         0.         0.         0.         0.         0.         0.01539187 0.         0.         0.         0.         0.         0.01501917 0.01705069 0.         0.01144554 0.         0.         0.         0.         0.         0.         0.88444172 0.         0.01058183 0.        ],[1. 0. 1. 1. 0. 0. 0. 0. 0. 0. 0. 1. 0. 0. 0. 0. 0. 1. 1. 0. 1. 0. 0. 0. 0. 0. 0. 1. 0. 1. 0.],9.0,10000,30,0.6,10,1,9,,problem_solving
4600,0.030601204604474606,0.002393301727437056,0.4,-15.446096732452554,[0.01789857 0.         0.01761757 0.01055303 0.         0.         0.         0.         0.         0.         0.         0.01539187 0.         0.         0.         0.         0.         0.01501917 0.01705069 0.         0.01144554 0.         0.         0.         0.         0.         0.         0.88444172 0.         0.01058183 0.        ],[1. 0. 1. 1. 0. 0. 0. 0. 0. 0. 0. 1. 0. 0. 0. 0. 0. 1. 1. 0. 1. 0. 0. 0. 0. 0. 0. 1. 0. 1. 0.],9.0,10000,30,0.6,10,1,9,,problem_solving
4700,0.030601204604474606,0.002393301727437056,0.4,3.583712754880315,[0.01789857 0.         0.01761757 0.01055303 0.         0.         0.         0.         0.         0.         0.         0.01539187 0.         0.         0.         0.         0.         0.01501917 0.01705069 0.         0.01144554 0.         0.         0.         0.         0.         0.         0.88444172 0.         0.01058183 0.        ],[1. 0. 1. 1. 0. 0. 0. 0. 0. 0. 0. 1. 0. 0. 0. 0. 0. 1. 1. 0. 1. 0. 0. 0. 0. 0. 0. 1. 0. 1. 0.],9.0,10000,30,0.6,10,1,9,,problem_solving
4800,0.030601204604474606,0.002393301727437056,0.4,-21.306108379856553,[0.01789857 0.         0.01761757 0.01055303 0.         0.         0.         0.         0.         0.         0.         0.01539187 0.         0.         0.         0.         0.         0.01501917 0.01705069 0.         0.01144554 0.         0.         0.         0.         0.         0.         0.88444172 0.         0.01058183 0.        ],[1. 0. 1. 1. 0. 0. 0. 0. 0. 0. 0. 1. 0. 0. 0. 0. 0. 1. 1. 0. 1. 0. 0. 0. 0. 0. 0. 1. 0. 1. 0.],9.0,10000,30,0.6,10,1,9,,problem_solving
4900,0.030601204604474606,0.002393301727437056,0.4,-4.194481269575648,[0.01789857 0.         0.01761757 0.01055303 0.         0.         0.         0.         0.         0.         0.         0.01539187 0.         0.         0.         0.         0.         0.01501917 0.01705069 0.         0.01144554 0.         0.         0.         0.         0.         0.         0.88444172 0.         0.01058183 0.        ],[1. 0. 1. 1. 0. 0. 0. 0. 0. 0. 0. 1. 0. 0. 0. 0. 0. 1. 1. 0. 1. 0. 0. 0. 0. 0. 0. 1. 0. 1. 0.],9.0,10000,30,0.6,10,1,9,,problem_solving
5000,0.030601204604474606,0.002393301727437056,0.4,-5.809404242338837,[0.01789857 0.         0.01761757 0.01055303 0.         0.         0.         0.         0.         0.         0.         0.01539187 0.         0.         0.         0.         0.         0.01501917 0.01705069 0.         0.01144554 0.         0.         0.         0.         0.         0.         0.88444172 0.         0.01058183 0.        ],[1. 0. 1. 1. 0. 0. 0. 0. 0. 0. 0. 1. 0. 0. 0. 0. 0. 1. 1. 0. 1. 0. 0. 0. 0. 0. 0. 1. 0. 1. 0.],9.0,10000,30,0.6,10,1,9,,problem_solving
5100,0.030601204604474606,0.002393301727437056,0.4,-25.818941460935157,[0.01789857 0.         0.01761757 0.01055303 0.         0.         0.         0.         0.         0.         0.         0.01539187 0.         0.         0.         0.         0.         0.01501917 0.01705069 0.         0.01144554 0.         0.         0.         0.         0.         0.         0.88444172 0.         0.01058183 0.        ],[1. 0. 1. 1. 0. 0. 0. 0. 0. 0. 0. 1. 0. 0. 0. 0. 0. 1. 1. 0. 1. 0. 0. 0. 0. 0. 0. 1. 0. 1. 0.],9.0,10000,30,0.6,10,1,9,,problem_solving
5200,0.030601204604474606,0.002393301727437056,0.4,-10.962714647190605,[0.01789857 0.         0.01761757 0.01055303 0.         0.         0.         0.         0.         0.         0.         0.01539187 0.         0.         0.         0.         0.         0.01501917 0.01705069 0.         0.01144554 0.         0.         0.         0.         0.         0.         0.88444172 0.         0.01058183 0.        ],[1. 0. 1. 1. 0. 0. 0. 0. 0. 0. 0. 1. 0. 0. 0. 0. 0. 1. 1. 0. 1. 0. 0. 0. 0. 0. 0. 1. 0. 1. 0.],9.0,10000,30,0.6,10,1,9,,problem_solving
5300,0.030601204604474606,0.002393301727437056,0.4,4.122124276350651,[0.01789857 0.         0.01761757 0.01055303 0.         0.         0.         0.         0.         0.         0.         0.01539187 0.         0.         0.         0.         0.         0.01501917 0.01705069 0.         0.01144554 0.         0.         0.         0.         0.         0.         0.88444172 0.         0.01058183 0.        ],[1. 0. 1. 1. 0. 0. 0. 0. 0. 0. 0. 1. 0. 0. 0. 0. 0. 1. 1. 0. 1. 0. 0. 0. 0. 0. 0. 1. 0. 1. 0.],9.0,10000,30,0.6,10,1,9,,problem_solving
5400,0.030601204604474606,0.002393301727437056,0.4,10.617041273324313,[0.01789857 0.         0.01761757 0.01055303 0.         0.         0.         0.         0.         0.         0.         0.01539187 0.         0.         0.         0.         0.         0.01501917 0.01705069 0.         0.01144554 0.         0.         0.         0.         0.         0.         0.88444172 0.         0.01058183 0.        ],[1. 0. 1. 1. 0. 0. 0. 0. 0. 0. 0. 1. 0. 0. 0. 0. 0. 1. 1. 0. 1. 0. 0. 0. 0. 0. 0. 1. 0. 1. 0.],9.0,10000,30,0.6,10,1,9,,problem_solving
5500,0.030601204604474606,0.002393301727437056,0.4,-2.9267170241392697,[0.01789857 0.         0.01761757 0.01055303 0.         0.         0.         0.         0.         0.         0.         0.01539187 0.         0.         0.         0.         0.         0.01501917 0.01705069 0.         0.01144554 0.         0.         0.         0.         0.         0.         0.88444172 0.         0.01058183 0.        ],[1. 0. 1. 1. 0. 0. 0. 0. 0. 0. 0. 1. 0. 0. 0. 0. 0. 1. 1. 0. 1. 0. 0. 0. 0. 0. 0. 1. 0. 1. 0.],9.0,10000,30,0.6,10,1,9,,problem_solving
5600,0.030601204604474606,0.002393301727437056,0.4,0.9244577365805505,[0.01789857 0.         0.01761757 0.01055303 0.         0.         0.         0.         0.         0.         0.         0.01539187 0.         0.         0.         0.         0.         0.01501917 0.01705069 0.         0.01144554 0.         0.         0.         0.         0.         0.         0.88444172 0.         0.01058183 0.        ],[1. 0. 1. 1. 0. 0. 0. 0. 0. 0. 0. 1. 0. 0. 0. 0. 0. 1. 1. 0. 1. 0. 0. 0. 0. 0. 0. 1. 0. 1. 0.],9.0,10000,30,0.6,10,1,9,,problem_solving
5700,0.030601204604474606,0.002393301727437056,0.4,4.683041790316242,[0.01789857 0.         0.01761757 0.01055303 0.         0.         0.         0.         0.         0.         0.         0.01539187 0.         0.         0.         0.         0.         0.01501917 0.01705069 0.         0.01144554 0.         0.         0.         0.         0.         0.         0.88444172 0.         0.01058183 0.        ],[1. 0. 1. 1. 0. 0. 0. 0. 0. 0. 0. 1. 0. 0. 0. 0. 0. 1. 1. 0. 1. 0. 0. 0. 0. 0. 0. 1. 0. 1. 0.],9.0,10000,30,0.6,10,1,9,,problem_solving
5800,0.030601204604474606,0.002393301727437056,0.4,-1.2647131483195855,[0.01789857 0.         0.01761757 0.01055303 0.         0.         0.         0.         0.         0.         0.         0.01539187 0.         0.         0.         0.         0.         0.01501917 0.01705069 0.         0.01144554 0.         0.         0.         0.         0.         0.         0.88444172 0.         0.01058183 0.        ],[1. 0. 1. 1. 0. 0. 0. 0. 0. 0. 0. 1. 0. 0. 0. 0. 0. 1. 1. 0. 1. 0. 0. 0. 0. 0. 0. 1. 0. 1. 0.],9.0,10000,30,0.6,10,1,9,,problem_solving
5900,0.030601204604474606,0.002393301727437056,0.4,-10.413517816344772,[0.01789857 0.         0.01761757 0.01055303 0.         0.         0.         0.         0.         0.         0.         0.01539187 0.         0.         0.         0.         0.         0.01501917 0.01705069 0.         0.01144554 0.         0.         0.         0.         0.         0.         0.88444172 0.         0.01058183 0.        ],[1. 0. 1. 1. 0. 0. 0. 0. 0. 0. 0. 1. 0. 0. 0. 0. 0. 1. 1. 0. 1. 0. 0. 0. 0. 0. 0. 1. 0. 1. 0.],9.0,10000,30,0.6,10,1,9,,problem_solving
6000,0.030601204604474606,0.002393301727437056,0.4,9.155122154551327,[0.01789857 0.         0.01761757 0.01055303 0.         0.         0.         0.         0.         0.         0.         0.01539187 0.         0.         0.         0.         0.         0.01501917 0.01705069 0.         0.01144554 0.         0.         0.         0.         0.         0.         0.88444172 0.         0.01058183 0.        ],[1. 0. 1. 1. 0. 0. 0. 0. 0. 0. 0. 1. 0. 0. 0. 0. 0. 1. 1. 0. 1. 0. 0. 0. 0. 0. 0. 1. 0. 1. 0.],9.0,10000,30,0.6,10,1,9,,problem_solving
6100,0.030601204604474606,0.002393301727437056,0.4,-8.642167600879224,[0.01789857 0.         0.01761757 0.01055303 0.         0.         0.         0.         0.         0.         0.         0.01539187 0.         0.         0.         0.         0.         0.01501917 0.01705069 0.         0.01144554 0.         0.         0.         0.         0.         0.         0.88444172 0.         0.01058183 0.        ],[1. 0. 1. 1. 0. 0. 0. 0. 0. 0. 0. 1. 0. 0. 0. 0. 0. 1. 1. 0. 1. 0. 0. 0. 0. 0. 0. 1. 0. 1. 0.],9.0,10000,30,0.6,10,1,9,,problem_solving
6200,0.030601204604474606,0.002393301727437056,0.4,11.167908479222001,[0.01789857 0.         0.01761757 0.01055303 0.         0.         0.         0.         0.         0.         0.         0.01539187 0.         0.         0.         0.         0.         0.01501917 0.01705069 0.         0.01144554 0.         0.         0.         0.         0.         0.         0.88444172 0.         0.01058183 0.        ],[1. 0. 1. 1. 0. 0. 0. 0. 0. 0. 0. 1. 0. 0. 0. 0. 0. 1. 1. 0. 1. 0. 0. 0. 0. 0. 0. 1. 0. 1. 0.],9.0,10000,30,0.6,10,1,9,,problem_solving
6300,0.030601204604474606,0.002393301727437056,0.4,-7.1710675804442205,[0.01789857 0.         0.01761757 0.01055303 0.         0.         0.         0.         0.         0.         0.         0.01539187 0.         0.         0.         0.         0.         0.01501917 0.01705069 0.         0.01144554 0.         0.         0.         0.         0.         0.         0.88444172 0.         0.01058183 0.        ],[1. 0. 1. 1. 0. 0. 0. 0. 0. 0. 0. 1. 0. 0. 0. 0. 0. 1. 1. 0. 1. 0. 0. 0. 0. 0. 0. 1. 0. 1. 0.],9.0,10000,30,0.6,10,1,9,,problem_solving
6400,0.030601204604474606,0.002393301727437056,0.4,4.197224643987919,[0.01789857 0.         0.01761757 0.01055303 0.         0.         0.         0.         0.         0.         0.         0.01539187 0.         0.         0.         0.         0.         0.01501917 0.01705069 0.         0.01144554 0.         0.         0.         0.         0.         0.         0.88444172 0.         0.01058183 0.        ],[1. 0. 1. 1. 0. 0. 0. 0. 0. 0. 0. 1. 0. 0. 0. 0. 0. 1. 1. 0. 1. 0. 0. 0. 0. 0. 0. 1. 0. 1. 0.],9.0,10000,30,0.6,10,1,9,,problem_solving
6500,0.030601204604474606,0.002393301727437056,0.4,15.562468252601366,[0.01789857 0.         0.01761757 0.01055303 0.         0.         0.         0.         0.         0.         0.         0.01539187 0.         0.         0.         0.         0.         0.01501917 0.01705069 0.         0.01144554 0.         0.         0.         0.         0.         0.         0.88444172 0.         0.01058183 0.        ],[1. 0. 1. 1. 0. 0. 0. 0. 0. 0. 0. 1. 0. 0. 0. 0. 0. 1. 1. 0. 1. 0. 0. 0. 0. 0. 0. 1. 0. 1. 0.],9.0,10000,30,0.6,10,1,9,,problem_solving
6600,0.030601204604474606,0.002393301727437056,0.4,-9.832091413664195,[0.01789857 0.         0.01761757 0.01055303 0.         0.         0.         0.         0.         0.         0.         0.01539187 0.         0.         0.         0.         0.         0.01501917 0.01705069 0.         0.01144554 0.         0.         0.         0.         0.         0.         0.88444172 0.         0.01058183 0.        ],[1. 0. 1. 1. 0. 0. 0. 0. 0. 0. 0. 1. 0. 0. 0. 0. 0. 1. 1. 0. 1. 0. 0. 0. 0. 0. 0. 1. 0. 1. 0.],9.0,10000,30,0.6,10,1,9,,problem_solving
6700,0.030601204604474606,0.002393301727437056,0.4,-16.980545355321304,[0.01789857 0.         0.01761757 0.01055303 0.         0.         0.         0.         0.         0.         0.         0.01539187 0.         0.         0.         0.         0.         0.01501917 0.01705069 0.         0.01144554 0.         0.         0.         0.         0.         0.         0.88444172 0.         0.01058183 0.        ],[1. 0. 1. 1. 0. 0. 0. 0. 0. 0. 0. 1. 0. 0. 0. 0. 0. 1. 1. 0. 1. 0. 0. 0. 0. 0. 0. 1. 0. 1. 0.],9.0,10000,30,0.6,10,1,9,,problem_solving
6800,0.030601204604474606,0.002393301727437056,0.4,10.981771263581713,[0.01789857 0.         0.01761757 0.01055303 0.         0.         0.         0.         0.         0.         0.         0.01539187 0.         0.         0.         0.         0.         0.01501917 0.01705069 0.         0.01144554 0.         0.         0.         0.         0.         0.         0.88444172 0.         0.01058183 0.        ],[1. 0. 1. 1. 0. 0. 0. 0. 0. 0. 0. 1. 0. 0. 0. 0. 0. 1. 1. 0. 1. 0. 0. 0. 0. 0. 0. 1. 0. 1. 0.],9.0,10000,30,0.6,10,1,9,,problem_solving
6900,0.030601204604474606,0.002393301727437056,0.4,1.1883173341916924,[0.01789857 0.         0.01761757 0.01055303 0.         0.         0.         0.         0.         0.         0.         0.01539187 0.         0.         0.         0.         0.         0.01501917 0.01705069 0.         0.01144554 0.         0.         0.         0.         0.         0.         0.88444172 0.         0.01058183 0.        ],[1. 0. 1. 1. 0. 0. 0. 0. 0. 0. 0. 1. 0. 0. 0. 0. 0. 1. 1. 0. 1. 0. 0. 0. 0. 0. 0. 1. 0. 1. 0.],9.0,10000,30,0.6,10,1,9,,problem_solving
7000,0.0298297372161251,0.002545827437703607,0.4,7.412371115694408,[0.         0.0155681  0.         0.010695   0.01376561 0.         0.         0.         0.         0.         0.         0.         0.         0.02219557 0.         0.01077794 0.         0.         0.         0.         0.         0.0219827  0.         0.         0.         0.         0.         0.88007701 0.01231136 0.         0.01262672],[0. 1. 0. 1. 1. 0. 0. 0. 0. 0. 0. 0. 0. 1. 0. 1. 0. 0. 0. 0. 0. 1. 0. 0. 0. 0. 0. 1. 1. 0. 1.],9.0,10000,30,0.6,10,1,9,,problem_solving
7100,0.0298297372161251,0.002545827437703607,0.4,-10.635760598239932,[0.         0.0155681  0.         0.010695   0.01376561 0.         0.         0.         0.         0.         0.         0.         0.         0.02219557 0.         0.01077794 0.         0.         0.         0.         0.         0.0219827  0.         0.         0.         0.         0.         0.88007701 0.01231136 0.         0.01262672],[0. 1. 0. 1. 1. 0. 0. 0. 0. 0. 0. 0. 0. 1. 0. 1. 0. 0. 0. 0. 0. 1. 0. 0. 0. 0. 0. 1. 1. 0. 1.],9.0,10000,30,0.6,10,1,9,,problem_solving
7200,0.0298297372161251,0.002545827437703607,0.4,4.485676348382987,[0.         0.0155681  0.         0.010695   0.01376561 0.         0.         0.         0.         0.         0.         0.         0.         0.02219557 0.         0.01077794 0.         0.         0.         0.         0.         0.0219827  0.         0.         0.         0.         0.         0.88007701 0.01231136 0.         0.01262672],[0. 1. 0. 1. 1. 0. 0. 0. 0. 0. 0. 0. 0. 1. 0. 1. 0. 0. 0. 0. 0. 1. 0. 0. 0. 0. 0. 1. 1. 0. 1.],9.0,10000,30,0.6,10,1,9,,problem_solving
7300,0.0298297372161251,0.002545827437703607,0.4,-5.688619475737972,[0.         0.0155681  0.         0.010695   0.01376561 0.         0.         0.         0.         0.         0.         0.         0.         0.02219557 0.         0.01077794 0.         0.         0.         0.         0.         0.0219827  0.         0.         0.         0.         0.         0.88007701 0.01231136 0.         0.01262672],[0. 1. 0. 1. 1. 0. 0. 0. 0. 0. 0. 0. 0. 1. 0. 1. 0. 0. 0. 0. 0. 1. 0. 0. 0. 0. 0. 1. 1. 0. 1.],9.0,10000,30,0.6,10,1,9,,problem_solving
7400,0.0298297372161251,0.002545827437703607,0.4,0.4564889719771125,[0.         0.0155681  0.         0.010695   0.01376561 0.         0.         0.         0.         0.         0.         0.         0.         0.02219557 0.         0.01077794 0.         0.         0.         0.         0.         0.0219827  0.         0.         0.         0.         0.         0.88007701 0.01231136 0.         0.01262672],[0. 1. 0. 1. 1. 0. 0. 0. 0. 0. 0. 0. 0. 1. 0. 1. 0. 0. 0. 0. 0. 1. 0. 0. 0. 0. 0. 1. 1. 0. 1.],9.0,10000,30,0.6,10,1,9,,problem_solving
7500,0.0298297372161251,0.002545827437703607,0.4,-7.198781658159026,[0.         0.0155681  0.         0.010695   0.01376561 0.         0.         0.         0.         0.         0.         0.         0.         0.02219557 0.         0.01077794 0.         0.         0.         0.         0.         0.0219827  0.         0.         0.         0.         0.         0.88007701 0.01231136 0.         0.01262672],[0. 1. 0. 1. 1. 0. 0. 0. 0. 0. 0. 0. 0. 1. 0. 1. 0. 0. 0. 0. 0. 1. 0. 0. 0. 0. 0. 1. 1. 0. 1.],9.0,10000,30,0.6,10,1,9,,problem_solving
7600,0.0298297372161251,0.002545827437703607,0.4,-1.8832718675518603,[0.         0.0155681  0.         0.010695   0.01376561 0.         0.         0.         0.         0.         0.         0.         0.         0.02219557 0.         0.01077794 0.         0.         0.         0.         0.         0.0219827  0.         0.         0.         0.         0.         0.88007701 0.01231136 0.         0.01262672],[0. 1. 0. 1. 1. 0. 0. 0. 0. 0. 0. 0. 0. 1. 0. 1. 0. 0. 0. 0. 0. 1. 0. 0. 0. 0. 0. 1. 1. 0. 1.],9.0,10000,30,0.6,10,1,9,,problem_solving
7700,0.0298297372161251,0.002545827437703607,0.4,0.15708662857384936,[0.         0.0155681  0.         0.010695   0.01376561 0.         0.         0.         0.         0.         0.         0.         0.         0.02219557 0.         0.01077794 0.         0.         0.         0.         0.         0.0219827  0.         0.         0.         0.         0.         0.88007701 0.01231136 0.         0.01262672],[0. 1. 0. 1. 1. 0. 0. 0. 0. 0. 0. 0. 0. 1. 0. 1. 0. 0. 0. 0. 0. 1. 0. 0. 0. 0. 0. 1. 1. 0. 1.],9.0,10000,30,0.6,10,1,9,,problem_solving
7800,0.0298297372161251,0.002545827437703607,0.4,-13.15520921469611,[0.         0.0155681  0.         0.010695   0.01376561 0.         0.         0.         0.         0.         0.         0.         0.         0.02219557 0.         0.01077794 0.         0.         0.         0.         0.         0.0219827  0.         0.         0.         0.         0.         0.88007701 0.01231136 0.         0.01262672],[0. 1. 0. 1. 1. 0. 0. 0. 0. 0. 0. 0. 0. 1. 0. 1. 0. 0. 0. 0. 0. 1. 0. 0. 0. 0. 0. 1. 1. 0. 1.],9.0,10000,30,0.6,10,1,9,,problem_solving
7900,0.0298297372161251,0.002545827437703607,0.4,-2.56412534986961,[0.         0.0155681  0.         0.010695   0.01376561 0.         0.         0.         0.         0.         0.         0.         0.         0.02219557 0.         0.01077794 0.         0.         0.         0.         0.         0.0219827  0.         0.         0.         0.         0.         0.88007701 0.01231136 0.         0.01262672],[0. 1. 0. 1. 1. 0. 0. 0. 0. 0. 0. 0. 0. 1. 0. 1. 0. 0. 0. 0. 0. 1. 0. 0. 0. 0. 0. 1. 1. 0. 1.],9.0,10000,30,0.6,10,1,9,,problem_solving
8000,0.0298297372161251,0.002545827437703607,0.4,-5.237690727869101,[0.         0.0155681  0.         0.010695   0.01376561 0.         0.         0.         0.         0.         0.         0.         0.         0.02219557 0.         0.01077794 0.         0.         0.         0.         0.         0.0219827  0.         0.         0.         0.         0.         0.88007701 0.01231136 0.         0.01262672],[0. 1. 0. 1. 1. 0. 0. 0. 0. 0. 0. 0. 0. 1. 0. 1. 0. 0. 0. 0. 0. 1. 0. 0. 0. 0. 0. 1. 1. 0. 1.],9.0,10000,30,0.6,10,1,9,,problem_solving
8100,0.0298297372161251,0.002545827437703607,0.4,12.484540962730758,[0.         0.0155681  0.         0.010695   0.01376561 0.         0.         0.         0.         0.         0.         0.         0.         0.02219557 0.         0.01077794 0.         0.         0.         0.         0.         0.0219827  0.         0.         0.         0.         0.         0.88007701 0.01231136 0.         0.01262672],[0. 1. 0. 1. 1. 0. 0. 0. 0. 0. 0. 0. 0. 1. 0. 1. 0. 0. 0. 0. 0. 1. 0. 0. 0. 0. 0. 1. 1. 0. 1.],9.0,10000,30,0.6,10,1,9,,problem_solving
8200,0.0298297372161251,0.002545827437703607,0.4,2.472835996102531,[0.         0.0155681  0.         0.010695   0.01376561 0.         0.         0.         0.         0.         0.         0.         0.         0.02219557 0.         0.01077794 0.         0.         0.         0.         0.         0.0219827  0.         0.         0.         0.         0.         0.88007701 0.01231136 0.         0.01262672],[0. 1. 0. 1. 1. 0. 0. 0. 0. 0. 0. 0. 0. 1. 0. 1. 0. 0. 0. 0. 0. 1. 0. 0. 0. 0. 0. 1. 1. 0. 1.],9.0,10000,30,0.6,10,1,9,,problem_solving
8300,0.0298297372161251,0.002545827437703607,0.4,1.9298142038264854,[0.         0.0155681  0.         0.010695   0.01376561 0.         0.         0.         0.         0.         0.         0.         0.         0.02219557 0.         0.01077794 0.         0.         0.         0.         0.         0.0219827  0.         0.         0.         0.         0.         0.88007701 0.01231136 0.         0.01262672],[0. 1. 0. 1. 1. 0. 0. 0. 0. 0. 0. 0. 0. 1. 0. 1. 0. 0. 0. 0. 0. 1. 0. 0. 0. 0. 0. 1. 1. 0. 1.],9.0,10000,30,0.6,10,1,9,,problem_solving
8400,0.0298297372161251,0.002545827437703607,0.4,16.08612917833295,[0.         0.0155681  0.         0.010695   0.01376561 0.         0.         0.         0.         0.         0.         0.         0.         0.02219557 0.         0.01077794 0.         0.         0.         0.         0.         0.0219827  0.         0.         0.         0.         0.         0.88007701 0.01231136 0.         0.01262672],[0. 1. 0. 1. 1. 0. 0. 0. 0. 0. 0. 0. 0. 1. 0. 1. 0. 0. 0. 0. 0. 1. 0. 0. 0. 0. 0. 1. 1. 0. 1.],9.0,10000,30,0.6,10,1,9,,problem_solving
8500,0.0298297372161251,0.002545827437703607,0.4,6.280541042480458,[0.         0.0155681  0.         0.010695   0.01376561 0.         0.         0.         0.         0.         0.         0.         0.         0.02219557 0.         0.01077794 0.         0.         0.         0.         0.         0.0219827  0.         0.         0.         0.         0.         0.88007701 0.01231136 0.         0.01262672],[0. 1. 0. 1. 1. 0. 0. 0. 0. 0. 0. 0. 0. 1. 0. 1. 0. 0. 0. 0. 0. 1. 0. 0. 0. 0. 0. 1. 1. 0. 1.],9.0,10000,30,0.6,10,1,9,,problem_solving
8600,0.027729827703499323,0.004658229388934655,0.4,8.625686235476959,[0.         0.         0.         0.         0.         0.         0.         0.         0.01093024 0.0110917  0.01106747 0.01252504 0.         0.         0.         0.         0.         0.         0.         0.01116539 0.01091899 0.02322417 0.         0.         0.         0.89803157 0.         0.01104544 0.         0.         0.        ],[0. 0. 0. 0. 0. 0. 0. 0. 1. 1. 1. 1. 0. 0. 0. 0. 0. 0. 0. 1. 1. 1. 0. 0. 0. 1. 0. 1. 0. 0. 0.],9.0,10000,30,0.6,10,1,9,,problem_solving
8700,0.027729827703499323,0.004658229388934655,0.4,-5.082584472280135,[0.         0.         0.         0.         0.         0.         0.         0.         0.01093024 0.0110917  0.01106747 0.01252504 0.         0.         0.         0.         0.         0.         0.         0.01116539 0.01091899 0.02322417 0.         0.         0.         0.89803157 0.         0.01104544 0.         0.         0.        ],[0. 0. 0. 0. 0. 0. 0. 0. 1. 1. 1. 1. 0. 0. 0. 0. 0. 0. 0. 1. 1. 1. 0. 0. 0. 1. 0. 1. 0. 0. 0.],9.0,10000,30,0.6,10,1,9,,problem_solving
8800,0.027729827703499323,0.004658229388934655,0.4,13.455524753129119,[0.         0.         0.         0.         0.         0.         0.         0.         0.01093024 0.0110917  0.01106747 0.01252504 0.         0.         0.         0.         0.         0.         0.         0.01116539 0.01091899 0.02322417 0.         0.         0.         0.89803157 0.         0.01104544 0.         0.         0.        ],[0. 0. 0. 0. 0. 0. 0. 0. 1. 1. 1. 1. 0. 0. 0. 0. 0. 0. 0. 1. 1. 1. 0. 0. 0. 1. 0. 1. 0. 0. 0.],9.0,10000,30,0.6,10,1,9,,problem_solving
8900,0.027729827703499323,0.004658229388934655,0.4,6.074424177793114,[0.         0.         0.         0.         0.         0.         0.         0.         0.01093024 0.0110917  0.01106747 0.01252504 0.         0.         0.         0.         0.         0.         0.         0.01116539 0.01091899 0.02322417 0.         0.         0.         0.89803157 0.         0.01104544 0.         0.         0.        ],[0. 0. 0. 0. 0. 0. 0. 0. 1. 1. 1. 1. 0. 0. 0. 0. 0. 0. 0. 1. 1. 1. 0. 0. 0. 1. 0. 1. 0. 0. 0.],9.0,10000,30,0.6,10,1,9,,problem_solving
9000,0.027729827703499323,0.004658229388934655,0.4,8.645221447736963,[0.         0.         0.         0.         0.         0.         0.         0.         0.01093024 0.0110917  0.01106747 0.01252504 0.         0.         0.         0.         0.         0.         0.         0.01116539 0.01091899 0.02322417 0.         0.         0.         0.89803157 0.         0.01104544 0.         0.         0.        ],[0. 0. 0. 0. 0. 0. 0. 0. 1. 1. 1. 1. 0. 0. 0. 0. 0. 0. 0. 1. 1. 1. 0. 0. 0. 1. 0. 1. 0. 0. 0.],9.0,10000,30,0.6,10,1,9,,problem_solving
9100,0.027729827703499323,0.004658229388934655,0.4,-16.194093714209895,[0.         0.         0.         0.         0.         0.         0.         0.         0.01093024 0.0110917  0.01106747 0.01252504 0.         0.         0.         0.         0.         0.         0.         0.01116539 0.01091899 0.02322417 0.         0.         0.         0.89803157 0.         0.01104544 0.         0.         0.        ],[0. 0. 0. 0. 0. 0. 0. 0. 1. 1. 1. 1. 0. 0. 0. 0. 0. 0. 0. 1. 1. 1. 0. 0. 0. 1. 0. 1. 0. 0. 0.],9.0,10000,30,0.6,10,1,9,,problem_solving
9200,0.027729827703499323,0.004658229388934655,0.4,-14.891992153152378,[0.         0.         0.         0.         0.         0.         0.         0.         0.01093024 0.0110917  0.01106747 0.01252504 0.         0.         0.         0.         0.         0.         0.         0.01116539 0.01091899 0.02322417 0.         0.         0.         0.89803157 0.         0.01104544 0.         0.         0.        ],[0. 0. 0. 0. 0. 0. 0. 0. 1. 1. 1. 1. 0. 0. 0. 0. 0. 0. 0. 1. 1. 1. 0. 0. 0. 1. 0. 1. 0. 0. 0.],9.0,10000,30,0.6,10,1,9,,problem_solving
9300,0.027729827703499323,0.004658229388934655,0.4,-11.43257327344706,[0.         0.         0.         0.         0.         0.         0.         0.         0.01093024 0.0110917  0.01106747 0.01252504 0.         0.         0.         0.         0.         0.         0.         0.01116539 0.01091899 0.02322417 0.         0.         0.         0.89803157 0.         0.01104544 0.         0.         0.        ],[0. 0. 0. 0. 0. 0. 0. 0. 1. 1. 1. 1. 0. 0. 0. 0. 0. 0. 0. 1. 1. 1. 0. 0. 0. 1. 0. 1. 0. 0. 0.],9.0,10000,30,0.6,10,1,9,,problem_solving
9400,0.027729827703499323,0.004658229388934655,0.4,-10.522370689825113,[0.         0.         0.         0.         0.         0.         0.         0.         0.01093024 0.0110917  0.01106747 0.01252504 0.         0.         0.         0.         0.         0.         0.         0.01116539 0.01091899 0.02322417 0.         0.         0.         0.89803157 0.         0.01104544 0.         0.         0.        ],[0. 0. 0. 0. 0. 0. 0. 0. 1. 1. 1. 1. 0. 0. 0. 0. 0. 0. 0. 1. 1. 1. 0. 0. 0. 1. 0. 1. 0. 0. 0.],9.0,10000,30,0.6,10,1,9,,problem_solving
9500,0.027729827703499323,0.004658229388934655,0.4,3.348702644375349,[0.         0.         0.         0.         0.         0.         0.         0.         0.01093024 0.0110917  0.01106747 0.01252504 0.         0.         0.         0.         0.         0.         0.         0.01116539 0.01091899 0.02322417 0.         0.         0.         0.89803157 0.         0.01104544 0.         0.         0.        ],[0. 0. 0. 0. 0. 0. 0. 0. 1. 1. 1. 1. 0. 0. 0. 0. 0. 0. 0. 1. 1. 1. 0. 0. 0. 1. 0. 1. 0. 0. 0.],9.0,10000,30,0.6,10,1,9,,problem_solving
9600,0.027729827703499323,0.004658229388934655,0.4,3.1879561341743563,[0.         0.         0.         0.         0.         0.         0.         0.         0.01093024 0.0110917  0.01106747 0.01252504 0.         0.         0.         0.         0.         0.         0.         0.01116539 0.01091899 0.02322417 0.         0.         0.         0.89803157 0.         0.01104544 0.         0.         0.        ],[0. 0. 0. 0. 0. 0. 0. 0. 1. 1. 1. 1. 0. 0. 0. 0. 0. 0. 0. 1. 1. 1. 0. 0. 0. 1. 0. 1. 0. 0. 0.],9.0,10000,30,0.6,10,1,9,,problem_solving
9700,0.027729827703499323,0.004658229388934655,0.4,7.0810411665495385,[0.         0.         0.         0.         0.         0.         0.         0.         0.01093024 0.0110917  0.01106747 0.01252504 0.         0.         0.         0.         0.         0.         0.         0.01116539 0.01091899 0.02322417 0.         0.         0.         0.89803157 0.         0.01104544 0.         0.         0.        ],[0. 0. 0. 0. 0. 0. 0. 0. 1. 1. 1. 1. 0. 0. 0. 0. 0. 0. 0. 1. 1. 1. 0. 0. 0. 1. 0. 1. 0. 0. 0.],9.0,10000,30,0.6,10,1,9,,problem_solving
9800,0.027729827703499323,0.004658229388934655,0.4,24.37762314425222,[0.         0.         0.         0.         0.         0.         0.         0.         0.01093024 0.0110917  0.01106747 0.01252504 0.         0.         0.         0.         0.         0.         0.         0.01116539 0.01091899 0.02322417 0.         0.         0.         0.89803157 0.         0.01104544 0.         0.         0.        ],[0. 0. 0. 0. 0. 0. 0. 0. 1. 1. 1. 1. 0. 0. 0. 0. 0. 0. 0. 1. 1. 1. 0. 0. 0. 1. 0. 1. 0. 0. 0.],9.0,10000,30,0.6,10,1,9,,problem_solving
9900,0.02733863668367073,0.0025992322357935647,0.4,-15.908318028191486,[0.         0.01314336 0.         0.         0.01557067 0.         0.         0.         0.         0.         0.01653443 0.         0.         0.01264314 0.         0.         0.         0.         0.         0.         0.01447315 0.         0.         0.         0.01186305 0.01629041 0.         0.88727677 0.01220501 0.         0.        ],[0. 1. 0. 0. 1. 0. 0. 0. 0. 0. 1. 0. 0. 1. 0. 0. 0. 0. 0. 0. 1. 0. 0. 0. 1. 1. 0. 1. 1. 0. 0.],9.0,10000,30,0.6,10,1,9,,problem_solving
9999,0.02733863668367073,0.0025992322357935647,0.4,-2.374825452484848,[0.         0.01314336 0.         0.         0.01557067 0.         0.         0.         0.         0.         0.01653443 0.         0.         0.01264314 0.         0.         0.         0.         0.         0.         0.01447315 0.         0.         0.         0.01186305 0.01629041 0.         0.88727677 0.01220501 0.         0.        ],[0. 1. 0. 0. 1. 0. 0. 0. 0. 0. 1. 0. 0. 1. 0. 0. 0. 0. 0. 0. 1. 0. 0. 0. 1. 1. 0. 1. 1. 0. 0.],9.0,10000,30,0.6,10,1,9,,problem_solving
