iter,cost,risk,return,par,bw,move,X,Z,Q,pop_init,max_iter,pop_size,mem_size,mem_consider,par_min,par_max,bw_min,bw_max,sigma,lambda,port_n,k,seed,tag,local_search
1,-0.005394889318747317,0.038461,0.002179291962048466,0.50004,0.8999471007548476,2.139359731784911,[0.01392314 0.         0.         0.         0.9516113  0.         0.         0.         0.01197791 0.         0.         0.         0.         0.         0.         0.         0.         0.         0.         0.         0.         0.         0.         0.         0.         0.02248765 0.         0.         0.         0.         0.        ],[1. 0. 0. 0. 1. 0. 0. 0. 1. 0. 0. 0. 0. 0. 0. 0. 0. 0. 0. 0. 0. 0. 0. 0. 0. 1. 0. 0. 0. 0. 0.],4.0,best,10000,100000,100,0.9,0.5,0.9,0.5,0.9,3,0.12,1,4,,problem_solving,10
100,-0.007503353230113155,0.080171,0.008681669295968463,0.504,0.894725436791504,1.0268026607499574,[0.         0.         0.         0.         0.94824831 0.         0.         0.         0.01483624 0.         0.         0.         0.         0.         0.         0.         0.         0.         0.         0.         0.         0.         0.         0.         0.         0.02207921 0.         0.         0.         0.         0.01483624],[0. 0. 0. 0. 1. 0. 0. 0. 1. 0. 0. 0. 0. 0. 0. 0. 0. 0. 0. 0. 0. 0. 0. 0. 0. 1. 0. 0. 0. 0. 1.],4.0,best,10000,100000,100,0.9,0.5,0.9,0.5,0.9,3,0.12,1,4,,problem_solving,10
200,-0.007503353230113155,0.080171,0.008681669295968463,0.508,0.8894817858241639,3.7221258173826626,[0.         0.         0.         0.         0.94824831 0.         0.         0.         0.01483624 0.         0.         0.         0.         0.         0.         0.         0.         0.         0.         0.         0.         0.         0.         0.         0.         0.02207921 0.         0.         0.         0.         0.01483624],[0. 0. 0. 0. 1. 0. 0. 0. 1. 0. 0. 0. 0. 0. 0. 0. 0. 0. 0. 0. 0. 0. 0. 0. 0. 1. 0. 0. 0. 0. 1.],4.0,best,10000,100000,100,0.9,0.5,0.9,0.5,0.9,3,0.12,1,4,,problem_solving,10
300,-0.007503353230113155,0.080171,0.008681669295968463,0.512,0.8842688659329022,0.6549783327188807,[0.         0.         0.         0.         0.94824831 0.         0.         0.         0.01483624 0.         0.         0.         0.         0.         0.         0.         0.         0.         0.         0.         0.         0.         0.         0.         0.         0.02207921 0.         0.         0.         0.         0.01483624],[0. 0. 0. 0. 1. 0. 0. 0. 1. 0. 0. 0. 0. 0. 0. 0. 0. 0. 0. 0. 0. 0. 0. 0. 0. 1. 0. 0. 0. 0. 1.],4.0,best,10000,100000,100,0.9,0.5,0.9,0.5,0.9,3,0.12,1,4,,problem_solving,10
400,-0.007736248180631211,0.04213,0.0032663885079582205,0.516,0.879086497014382,1.378976983766726,[0.         0.         0.         0.         0.95415054 0.         0.         0.0160365  0.         0.         0.         0.         0.         0.         0.         0.         0.         0.         0.         0.         0.         0.         0.         0.         0.         0.0160365  0.         0.01377645 0.         0.         0.        ],[0. 0. 0. 0. 1. 0. 0. 1. 0. 0. 0. 0. 0. 0. 0. 0. 0. 0. 0. 0. 0. 0. 0. 0. 0. 1. 0. 1. 0. 0. 0.],4.0,best,10000,100000,100,0.9,0.5,0.9,0.5,0.9,3,0.12,1,4,,problem_solving,10
500,-0.00787538167748876,0.076175,0.008285083306259886,0.52,0.8739345000207845,2.119797264411075,[0.         0.         0.         0.01591895 0.95692798 0.         0.         0.         0.         0.         0.         0.         0.         0.         0.         0.         0.         0.         0.         0.         0.         0.01357654 0.         0.         0.         0.01357654 0.         0.         0.         0.         0.        ],[0. 0. 0. 1. 1. 0. 0. 0. 0. 0. 0. 0. 0. 0. 0. 0. 0. 0. 0. 0. 0. 1. 0. 0. 0. 1. 0. 0. 0. 0. 0.],4.0,best,10000,100000,100,0.9,0.5,0.9,0.5,0.9,3,0.12,1,4,,problem_solving,10
600,-0.00787538167748876,0.076175,0.008285083306259886,0.524,0.8688126969536234,-1.1130918912767018,[0.         0.         0.         0.01591895 0.95692798 0.         0.         0.         0.         0.         0.         0.         0.         0.         0.         0.         0.         0.         0.         0.         0.         0.01357654 0.         0.         0.         0.01357654 0.         0.         0.         0.         0.        ],[0. 0. 0. 1. 1. 0. 0. 0. 0. 0. 0. 0. 0. 0. 0. 0. 0. 0. 0. 0. 0. 1. 0. 0. 0. 1. 0. 0. 0. 0. 0.],4.0,best,10000,100000,100,0.9,0.5,0.9,0.5,0.9,3,0.12,1,4,,problem_solving,10
700,-0.00787538167748876,0.076175,0.008285083306259886,0.528,0.8637209108575947,2.0261741439212995,[0.         0.         0.         0.01591895 0.95692798 0.         0.         0.         0.         0.         0.         0.         0.         0.         0.         0.         0.         0.         0.         0.         0.         0.01357654 0.         0.         0.         0.01357654 0.         0.         0.         0.         0.        ],[0. 0. 0. 1. 1. 0. 0. 0. 0. 0. 0. 0. 0. 0. 0. 0. 0. 0. 0. 0. 0. 1. 0. 0. 0. 1. 0. 0. 0. 0. 0.],4.0,best,10000,100000,100,0.9,0.5,0.9,0.5,0.9,3,0.12,1,4,,problem_solving,10
800,-0.00787538167748876,0.076175,0.008285083306259886,0.532,0.8586589658144633,4.104128684906797,[0.         0.         0.         0.01591895 0.95692798 0.         0.         0.         0.         0.         0.         0.         0.         0.         0.         0.         0.         0.         0.         0.         0.         0.01357654 0.         0.         0.         0.01357654 0.         0.         0.         0.         0.        ],[0. 0. 0. 1. 1. 0. 0. 0. 0. 0. 0. 0. 0. 0. 0. 0. 0. 0. 0. 0. 0. 1. 0. 0. 0. 1. 0. 0. 0. 0. 0.],4.0,best,10000,100000,100,0.9,0.5,0.9,0.5,0.9,3,0.12,1,4,,problem_solving,10
900,-0.007960169980278669,0.049048,0.00388559040604153,0.536,0.8536266869369854,3.282861934364059,[0.         0.         0.         0.         0.957054   0.         0.         0.         0.         0.         0.01370302 0.         0.         0.         0.         0.         0.01707053 0.         0.         0.         0.         0.         0.         0.         0.         0.         0.         0.         0.01217246 0.         0.        ],[0. 0. 0. 0. 1. 0. 0. 0. 0. 0. 1. 0. 0. 0. 0. 0. 1. 0. 0. 0. 0. 0. 0. 0. 0. 0. 0. 0. 1. 0. 0.],4.0,best,10000,100000,100,0.9,0.5,0.9,0.5,0.9,3,0.12,1,4,,problem_solving,10
1000,-0.007960169980278669,0.049048,0.00388559040604153,0.54,0.8486239003628652,1.2091118786738897,[0.         0.         0.         0.         0.957054   0.         0.         0.         0.         0.         0.01370302 0.         0.         0.         0.         0.         0.01707053 0.         0.         0.         0.         0.         0.         0.         0.         0.         0.         0.         0.01217246 0.         0.        ],[0. 0. 0. 0. 1. 0. 0. 0. 0. 0. 1. 0. 0. 0. 0. 0. 1. 0. 0. 0. 0. 0. 0. 0. 0. 0. 0. 0. 1. 0. 0.],4.0,best,10000,100000,100,0.9,0.5,0.9,0.5,0.9,3,0.12,1,4,,problem_solving,10
1100,-0.007990930749078735,0.075641,0.008303383405074251,0.544,0.8436504332487491,0.1660340757159262,[0.         0.         0.         0.         0.9633499  0.         0.         0.01167593 0.01329825 0.         0.         0.         0.         0.         0.         0.         0.         0.         0.         0.         0.         0.01167593 0.         0.         0.         0.         0.         0.         0.         0.         0.        ],[0. 0. 0. 0. 1. 0. 0. 1. 1. 0. 0. 0. 0. 0. 0. 0. 0. 0. 0. 0. 0. 1. 0. 0. 0. 0. 0. 0. 0. 0. 0.],4.0,best,10000,100000,100,0.9,0.5,0.9,0.5,0.9,3,0.12,1,4,,problem_solving,10
1200,-0.008255716007525869,0.044965,0.004407341697117867,0.548,0.838706113764254,-2.1368021512364606,[0.         0.         0.         0.         0.96305929 0.         0.         0.         0.         0.         0.         0.         0.01175104 0.         0.         0.         0.         0.         0.         0.         0.         0.         0.         0.         0.         0.01175104 0.         0.01343864 0.         0.         0.        ],[0. 0. 0. 0. 1. 0. 0. 0. 0. 0. 0. 0. 1. 0. 0. 0. 0. 0. 0. 0. 0. 0. 0. 0. 0. 1. 0. 1. 0. 0. 0.],4.0,best,10000,100000,100,0.9,0.5,0.9,0.5,0.9,3,0.12,1,4,,problem_solving,10
1300,-0.008255716007525869,0.044965,0.004407341697117867,0.552,0.83379077108603,0.48142606314496594,[0.         0.         0.         0.         0.96305929 0.         0.         0.         0.         0.         0.         0.         0.01175104 0.         0.         0.         0.         0.         0.         0.         0.         0.         0.         0.         0.         0.01175104 0.         0.01343864 0.         0.         0.        ],[0. 0. 0. 0. 1. 0. 0. 0. 0. 0. 0. 0. 1. 0. 0. 0. 0. 0. 0. 0. 0. 0. 0. 0. 0. 1. 0. 1. 0. 0. 0.],4.0,best,10000,100000,100,0.9,0.5,0.9,0.5,0.9,3,0.12,1,4,,problem_solving,10
1400,-0.008255716007525869,0.044965,0.004407341697117867,0.556,0.828904235391859,1.584620577324935,[0.         0.         0.         0.         0.96305929 0.         0.         0.         0.         0.         0.         0.         0.01175104 0.         0.         0.         0.         0.         0.         0.         0.         0.         0.         0.         0.         0.01175104 0.         0.01343864 0.         0.         0.        ],[0. 0. 0. 0. 1. 0. 0. 0. 0. 0. 0. 0. 1. 0. 0. 0. 0. 0. 0. 0. 0. 0. 0. 0. 0. 1. 0. 1. 0. 0. 0.],4.0,best,10000,100000,100,0.9,0.5,0.9,0.5,0.9,3,0.12,1,4,,problem_solving,10
1500,-0.008255716007525869,0.044965,0.004407341697117867,0.56,0.8240463378547873,1.6601582610294703,[0.         0.         0.         0.         0.96305929 0.         0.         0.         0.         0.         0.         0.         0.01175104 0.         0.         0.         0.         0.         0.         0.         0.         0.         0.         0.         0.         0.01175104 0.         0.01343864 0.         0.         0.        ],[0. 0. 0. 0. 1. 0. 0. 0. 0. 0. 0. 0. 1. 0. 0. 0. 0. 0. 0. 0. 0. 0. 0. 0. 0. 1. 0. 1. 0. 0. 0.],4.0,best,10000,100000,100,0.9,0.5,0.9,0.5,0.9,3,0.12,1,4,,problem_solving,10
1600,-0.008255716007525869,0.044965,0.004407341697117867,0.5640000000000001,0.8192169106372932,-0.7980111176104562,[0.         0.         0.         0.         0.96305929 0.         0.         0.         0.         0.         0.         0.         0.01175104 0.         0.         0.         0.         0.         0.         0.         0.         0.         0.         0.         0.         0.01175104 0.         0.01343864 0.         0.         0.        ],[0. 0. 0. 0. 1. 0. 0. 0. 0. 0. 0. 0. 1. 0. 0. 0. 0. 0. 0. 0. 0. 0. 0. 0. 0. 1. 0. 1. 0. 0. 0.],4.0,best,10000,100000,100,0.9,0.5,0.9,0.5,0.9,3,0.12,1,4,,problem_solving,10
1700,-0.008255716007525869,0.044965,0.004407341697117867,0.5680000000000001,0.8144157868854872,0.08562681053843219,[0.         0.         0.         0.         0.96305929 0.         0.         0.         0.         0.         0.         0.         0.01175104 0.         0.         0.         0.         0.         0.         0.         0.         0.         0.         0.         0.         0.01175104 0.         0.01343864 0.         0.         0.        ],[0. 0. 0. 0. 1. 0. 0. 0. 0. 0. 0. 0. 1. 0. 0. 0. 0. 0. 0. 0. 0. 0. 0. 0. 0. 1. 0. 1. 0. 0. 0.],4.0,best,10000,100000,100,0.9,0.5,0.9,0.5,0.9,3,0.12,1,4,,problem_solving,10
1800,-0.008255716007525869,0.044965,0.004407341697117867,0.5720000000000001,0.8096428007233489,-1.8877527300981296,[0.         0.         0.         0.         0.96305929 0.         0.         0.         0.         0.         0.         0.         0.01175104 0.         0.         0.         0.         0.         0.         0.         0.         0.         0.         0.         0.         0.01175104 0.         0.01343864 0.         0.         0.        ],[0. 0. 0. 0. 1. 0. 0. 0. 0. 0. 0. 0. 1. 0. 0. 0. 0. 0. 0. 0. 0. 0. 0. 0. 0. 1. 0. 1. 0. 0. 0.],4.0,best,10000,100000,100,0.9,0.5,0.9,0.5,0.9,3,0.12,1,4,,problem_solving,10
1900,-0.008255716007525869,0.044965,0.004407341697117867,0.5760000000000001,0.8048977872469943,2.1377986258665835,[0.         0.         0.         0.         0.96305929 0.         0.         0.         0.         0.         0.         0.         0.01175104 0.         0.         0.         0.         0.         0.         0.         0.         0.         0.         0.         0.         0.01175104 0.         0.01343864 0.         0.         0.        ],[0. 0. 0. 0. 1. 0. 0. 0. 0. 0. 0. 0. 1. 0. 0. 0. 0. 0. 0. 0. 0. 0. 0. 0. 0. 1. 0. 1. 0. 0. 0.],4.0,best,10000,100000,100,0.9,0.5,0.9,0.5,0.9,3,0.12,1,4,,problem_solving,10
2000,-0.008255716007525869,0.044965,0.004407341697117867,0.58,0.80018058251898,0.00084168324986879,[0.         0.         0.         0.         0.96305929 0.         0.         0.         0.         0.         0.         0.         0.01175104 0.         0.         0.         0.         0.         0.         0.         0.         0.         0.         0.         0.         0.01175104 0.         0.01343864 0.         0.         0.        ],[0. 0. 0. 0. 1. 0. 0. 0. 0. 0. 0. 0. 1. 0. 0. 0. 0. 0. 0. 0. 0. 0. 0. 0. 0. 1. 0. 1. 0. 0. 0.],4.0,best,10000,100000,100,0.9,0.5,0.9,0.5,0.9,3,0.12,1,4,,problem_solving,10
2100,-0.008255716007525869,0.044965,0.004407341697117867,0.584,0.7954910235626383,0.36892801582485635,[0.         0.         0.         0.         0.96305929 0.         0.         0.         0.         0.         0.         0.         0.01175104 0.         0.         0.         0.         0.         0.         0.         0.         0.         0.         0.         0.         0.01175104 0.         0.01343864 0.         0.         0.        ],[0. 0. 0. 0. 1. 0. 0. 0. 0. 0. 0. 0. 1. 0. 0. 0. 0. 0. 0. 0. 0. 0. 0. 0. 0. 1. 0. 1. 0. 0. 0.],4.0,best,10000,100000,100,0.9,0.5,0.9,0.5,0.9,3,0.12,1,4,,problem_solving,10
2200,-0.008255716007525869,0.044965,0.004407341697117867,0.588,0.7908289483564468,0.7978908363580103,[0.         0.         0.         0.         0.96305929 0.         0.         0.         0.         0.         0.         0.         0.01175104 0.         0.         0.         0.         0.         0.         0.         0.         0.         0.         0.         0.         0.01175104 0.         0.01343864 0.         0.         0.        ],[0. 0. 0. 0. 1. 0. 0. 0. 0. 0. 0. 0. 1. 0. 0. 0. 0. 0. 0. 0. 0. 0. 0. 0. 0. 1. 0. 1. 0. 0. 0.],4.0,best,10000,100000,100,0.9,0.5,0.9,0.5,0.9,3,0.12,1,4,,problem_solving,10
2300,-0.008255716007525869,0.044965,0.004407341697117867,0.592,0.7861941958284306,1.0990224635587806,[0.         0.         0.         0.         0.96305929 0.         0.         0.         0.         0.         0.         0.         0.01175104 0.         0.         0.         0.         0.         0.         0.         0.         0.         0.         0.         0.         0.01175104 0.         0.01343864 0.         0.         0.        ],[0. 0. 0. 0. 1. 0. 0. 0. 0. 0. 0. 0. 1. 0. 0. 0. 0. 0. 0. 0. 0. 0. 0. 0. 0. 1. 0. 1. 0. 0. 0.],4.0,best,10000,100000,100,0.9,0.5,0.9,0.5,0.9,3,0.12,1,4,,problem_solving,10
2400,-0.008255716007525869,0.044965,0.004407341697117867,0.596,0.7815866058505976,-0.15417744646985523,[0.         0.         0.         0.         0.96305929 0.         0.         0.         0.         0.         0.         0.         0.01175104 0.         0.         0.         0.         0.         0.         0.         0.         0.         0.         0.         0.         0.01175104 0.         0.01343864 0.         0.         0.        ],[0. 0. 0. 0. 1. 0. 0. 0. 0. 0. 0. 0. 1. 0. 0. 0. 0. 0. 0. 0. 0. 0. 0. 0. 0. 1. 0. 1. 0. 0. 0.],4.0,best,10000,100000,100,0.9,0.5,0.9,0.5,0.9,3,0.12,1,4,,problem_solving,10
2500,-0.008255716007525869,0.044965,0.004407341697117867,0.6,0.7770060192334055,-2.1429035320772387,[0.         0.         0.         0.         0.96305929 0.         0.         0.         0.         0.         0.         0.         0.01175104 0.         0.         0.         0.         0.         0.         0.         0.         0.         0.         0.         0.         0.01175104 0.         0.01343864 0.         0.         0.        ],[0. 0. 0. 0. 1. 0. 0. 0. 0. 0. 0. 0. 1. 0. 0. 0. 0. 0. 0. 0. 0. 0. 0. 0. 0. 1. 0. 1. 0. 0. 0.],4.0,best,10000,100000,100,0.9,0.5,0.9,0.5,0.9,3,0.12,1,4,,problem_solving,10
2600,-0.008255716007525869,0.044965,0.004407341697117867,0.604,0.7724522777202627,5.367599502497803,[0.         0.         0.         0.         0.96305929 0.         0.         0.         0.         0.         0.         0.         0.01175104 0.         0.         0.         0.         0.         0.         0.         0.         0.         0.         0.         0.         0.01175104 0.         0.01343864 0.         0.         0.        ],[0. 0. 0. 0. 1. 0. 0. 0. 0. 0. 0. 0. 1. 0. 0. 0. 0. 0. 0. 0. 0. 0. 0. 0. 0. 1. 0. 1. 0. 0. 0.],4.0,best,10000,100000,100,0.9,0.5,0.9,0.5,0.9,3,0.12,1,4,,problem_solving,10
2700,-0.008255716007525869,0.044965,0.004407341697117867,0.608,0.7679252239820602,-0.32749833905133585,[0.         0.         0.         0.         0.96305929 0.         0.         0.         0.         0.         0.         0.         0.01175104 0.         0.         0.         0.         0.         0.         0.         0.         0.         0.         0.         0.         0.01175104 0.         0.01343864 0.         0.         0.        ],[0. 0. 0. 0. 1. 0. 0. 0. 0. 0. 0. 0. 1. 0. 0. 0. 0. 0. 0. 0. 0. 0. 0. 0. 0. 1. 0. 1. 0. 0. 0.],4.0,best,10000,100000,100,0.9,0.5,0.9,0.5,0.9,3,0.12,1,4,,problem_solving,10
2800,-0.008255716007525869,0.044965,0.004407341697117867,0.612,0.7634247016117359,1.8379518673752295,[0.         0.         0.         0.         0.96305929 0.         0.         0.         0.         0.         0.         0.         0.01175104 0.         0.         0.         0.         0.         0.         0.         0.         0.         0.         0.         0.         0.01175104 0.         0.01343864 0.         0.         0.        ],[0. 0. 0. 0. 1. 0. 0. 0. 0. 0. 0. 0. 1. 0. 0. 0. 0. 0. 0. 0. 0. 0. 0. 0. 0. 1. 0. 1. 0. 0. 0.],4.0,best,10000,100000,100,0.9,0.5,0.9,0.5,0.9,3,0.12,1,4,,problem_solving,10
2900,-0.008255716007525869,0.044965,0.004407341697117867,0.616,0.758950555118871,1.4357026467216736,[0.         0.         0.         0.         0.96305929 0.         0.         0.         0.         0.         0.         0.         0.01175104 0.         0.         0.         0.         0.         0.         0.         0.         0.         0.         0.         0.         0.01175104 0.         0.01343864 0.         0.         0.        ],[0. 0. 0. 0. 1. 0. 0. 0. 0. 0. 0. 0. 1. 0. 0. 0. 0. 0. 0. 0. 0. 0. 0. 0. 0. 1. 0. 1. 0. 0. 0.],4.0,best,10000,100000,100,0.9,0.5,0.9,0.5,0.9,3,0.12,1,4,,problem_solving,10
3000,-0.008255716007525869,0.044965,0.004407341697117867,0.62,0.754502629924318,2.3479983680211585,[0.         0.         0.         0.         0.96305929 0.         0.         0.         0.         0.         0.         0.         0.01175104 0.         0.         0.         0.         0.         0.         0.         0.         0.         0.         0.         0.         0.01175104 0.         0.01343864 0.         0.         0.        ],[0. 0. 0. 0. 1. 0. 0. 0. 0. 0. 0. 0. 1. 0. 0. 0. 0. 0. 0. 0. 0. 0. 0. 0. 0. 1. 0. 1. 0. 0. 0.],4.0,best,10000,100000,100,0.9,0.5,0.9,0.5,0.9,3,0.12,1,4,,problem_solving,10
3100,-0.008255716007525869,0.044965,0.004407341697117867,0.624,0.7500807723548599,-0.3834278814741883,[0.         0.         0.         0.         0.96305929 0.         0.         0.         0.         0.         0.         0.         0.01175104 0.         0.         0.         0.         0.         0.         0.         0.         0.         0.         0.         0.         0.01175104 0.         0.01343864 0.         0.         0.        ],[0. 0. 0. 0. 1. 0. 0. 0. 0. 0. 0. 0. 1. 0. 0. 0. 0. 0. 0. 0. 0. 0. 0. 0. 0. 1. 0. 1. 0. 0. 0.],4.0,best,10000,100000,100,0.9,0.5,0.9,0.5,0.9,3,0.12,1,4,,problem_solving,10
3200,-0.008255716007525869,0.044965,0.004407341697117867,0.628,0.7456848296379007,-2.0493316654727507,[0.         0.         0.         0.         0.96305929 0.         0.         0.         0.         0.         0.         0.         0.01175104 0.         0.         0.         0.         0.         0.         0.         0.         0.         0.         0.         0.         0.01175104 0.         0.01343864 0.         0.         0.        ],[0. 0. 0. 0. 1. 0. 0. 0. 0. 0. 0. 0. 1. 0. 0. 0. 0. 0. 0. 0. 0. 0. 0. 0. 0. 1. 0. 1. 0. 0. 0.],4.0,best,10000,100000,100,0.9,0.5,0.9,0.5,0.9,3,0.12,1,4,,problem_solving,10
3300,-0.008255716007525869,0.044965,0.004407341697117867,0.632,0.7413146498961878,0.891092940384084,[0.         0.         0.         0.         0.96305929 0.         0.         0.         0.         0.         0.         0.         0.01175104 0.         0.         0.         0.         0.         0.         0.         0.         0.         0.         0.         0.         0.01175104 0.         0.01343864 0.         0.         0.        ],[0. 0. 0. 0. 1. 0. 0. 0. 0. 0. 0. 0. 1. 0. 0. 0. 0. 0. 0. 0. 0. 0. 0. 0. 0. 1. 0. 1. 0. 0. 0.],4.0,best,10000,100000,100,0.9,0.5,0.9,0.5,0.9,3,0.12,1,4,,problem_solving,10
3400,-0.008255716007525869,0.044965,0.004407341697117867,0.636,0.7369700821425638,1.0927947269819962,[0.         0.         0.         0.         0.96305929 0.         0.         0.         0.         0.         0.         0.         0.01175104 0.         0.         0.         0.         0.         0.         0.         0.         0.         0.         0.         0.         0.01175104 0.         0.01343864 0.         0.         0.        ],[0. 0. 0. 0. 1. 0. 0. 0. 0. 0. 0. 0. 1. 0. 0. 0. 0. 0. 0. 0. 0. 0. 0. 0. 0. 1. 0. 1. 0. 0. 0.],4.0,best,10000,100000,100,0.9,0.5,0.9,0.5,0.9,3,0.12,1,4,,problem_solving,10
3500,-0.008255716007525869,0.044965,0.004407341697117867,0.64,0.7326509762747511,3.268133848945723,[0.         0.         0.         0.         0.96305929 0.         0.         0.         0.         0.         0.         0.         0.01175104 0.         0.         0.         0.         0.         0.         0.         0.         0.         0.         0.         0.         0.01175104 0.         0.01343864 0.         0.         0.        ],[0. 0. 0. 0. 1. 0. 0. 0. 0. 0. 0. 0. 1. 0. 0. 0. 0. 0. 0. 0. 0. 0. 0. 0. 0. 1. 0. 1. 0. 0. 0.],4.0,best,10000,100000,100,0.9,0.5,0.9,0.5,0.9,3,0.12,1,4,,problem_solving,10
3600,-0.008255716007525869,0.044965,0.004407341697117867,0.644,0.7283571830701648,-2.72196517189498,[0.         0.         0.         0.         0.96305929 0.         0.         0.         0.         0.         0.         0.         0.01175104 0.         0.         0.         0.         0.         0.         0.         0.         0.         0.         0.         0.         0.01175104 0.         0.01343864 0.         0.         0.        ],[0. 0. 0. 0. 1. 0. 0. 0. 0. 0. 0. 0. 1. 0. 0. 0. 0. 0. 0. 0. 0. 0. 0. 0. 0. 1. 0. 1. 0. 0. 0.],4.0,best,10000,100000,100,0.9,0.5,0.9,0.5,0.9,3,0.12,1,4,,problem_solving,10
3700,-0.008255716007525869,0.044965,0.004407341697117867,0.648,0.7240885541807586,-0.5449824080654597,[0.         0.         0.         0.         0.96305929 0.         0.         0.         0.         0.         0.         0.         0.01175104 0.         0.         0.         0.         0.         0.         0.         0.         0.         0.         0.         0.         0.01175104 0.         0.01343864 0.         0.         0.        ],[0. 0. 0. 0. 1. 0. 0. 0. 0. 0. 0. 0. 1. 0. 0. 0. 0. 0. 0. 0. 0. 0. 0. 0. 0. 1. 0. 1. 0. 0. 0.],4.0,best,10000,100000,100,0.9,0.5,0.9,0.5,0.9,3,0.12,1,4,,problem_solving,10
3800,-0.008255716007525869,0.044965,0.004407341697117867,0.652,0.7198449421278975,-0.48540999150596503,[0.         0.         0.         0.         0.96305929 0.         0.         0.         0.         0.         0.         0.         0.01175104 0.         0.         0.         0.         0.         0.         0.         0.         0.         0.         0.         0.         0.01175104 0.         0.01343864 0.         0.         0.        ],[0. 0. 0. 0. 1. 0. 0. 0. 0. 0. 0. 0. 1. 0. 0. 0. 0. 0. 0. 0. 0. 0. 0. 0. 0. 1. 0. 1. 0. 0. 0.],4.0,best,10000,100000,100,0.9,0.5,0.9,0.5,0.9,3,0.12,1,4,,problem_solving,10
3900,-0.008255716007525869,0.044965,0.004407341697117867,0.656,0.7156262002972644,3.5479358192182677,[0.         0.         0.         0.         0.96305929 0.         0.         0.         0.         0.         0.         0.         0.01175104 0.         0.         0.         0.         0.         0.         0.         0.         0.         0.         0.         0.         0.01175104 0.         0.01343864 0.         0.         0.        ],[0. 0. 0. 0. 1. 0. 0. 0. 0. 0. 0. 0. 1. 0. 0. 0. 0. 0. 0. 0. 0. 0. 0. 0. 0. 1. 0. 1. 0. 0. 0.],4.0,best,10000,100000,100,0.9,0.5,0.9,0.5,0.9,3,0.12,1,4,,problem_solving,10
4000,-0.008255716007525869,0.044965,0.004407341697117867,0.66,0.7114321829337936,-0.4022063118034957,[0.         0.         0.         0.         0.96305929 0.         0.         0.         0.         0.         0.         0.         0.01175104 0.         0.         0.         0.         0.         0.         0.         0.         0.         0.         0.         0.         0.01175104 0.         0.01343864 0.         0.         0.        ],[0. 0. 0. 0. 1. 0. 0. 0. 0. 0. 0. 0. 1. 0. 0. 0. 0. 0. 0. 0. 0. 0. 0. 0. 0. 1. 0. 1. 0. 0. 0.],4.0,best,10000,100000,100,0.9,0.5,0.9,0.5,0.9,3,0.12,1,4,,problem_solving,10
4100,-0.008255716007525869,0.044965,0.004407341697117867,0.664,0.707262745136635,3.078257480197046,[0.         0.         0.         0.         0.96305929 0.         0.         0.         0.         0.         0.         0.         0.01175104 0.         0.         0.         0.         0.         0.         0.         0.         0.         0.         0.         0.         0.01175104 0.         0.01343864 0.         0.         0.        ],[0. 0. 0. 0. 1. 0. 0. 0. 0. 0. 0. 0. 1. 0. 0. 0. 0. 0. 0. 0. 0. 0. 0. 0. 0. 1. 0. 1. 0. 0. 0.],4.0,best,10000,100000,100,0.9,0.5,0.9,0.5,0.9,3,0.12,1,4,,problem_solving,10
4200,-0.008255716007525869,0.044965,0.004407341697117867,0.668,0.7031177428541489,-0.6072071627373804,[0.         0.         0.         0.         0.96305929 0.         0.         0.         0.         0.         0.         0.         0.01175104 0.         0.         0.         0.         0.         0.         0.         0.         0.         0.         0.         0.         0.01175104 0.         0.01343864 0.         0.         0.        ],[0. 0. 0. 0. 1. 0. 0. 0. 0. 0. 0. 0. 1. 0. 0. 0. 0. 0. 0. 0. 0. 0. 0. 0. 0. 1. 0. 1. 0. 0. 0.],4.0,best,10000,100000,100,0.9,0.5,0.9,0.5,0.9,3,0.12,1,4,,problem_solving,10
4300,-0.008255716007525869,0.044965,0.004407341697117867,0.672,0.6989970328789274,3.5680056117059777,[0.         0.         0.         0.         0.96305929 0.         0.         0.         0.         0.         0.         0.         0.01175104 0.         0.         0.         0.         0.         0.         0.         0.         0.         0.         0.         0.         0.01175104 0.         0.01343864 0.         0.         0.        ],[0. 0. 0. 0. 1. 0. 0. 0. 0. 0. 0. 0. 1. 0. 0. 0. 0. 0. 0. 0. 0. 0. 0. 0. 0. 1. 0. 1. 0. 0. 0.],4.0,best,10000,100000,100,0.9,0.5,0.9,0.5,0.9,3,0.12,1,4,,problem_solving,10
4400,-0.008255716007525869,0.044965,0.004407341697117867,0.676,0.6949004728428485,-2.8435956613991356,[0.         0.         0.         0.         0.96305929 0.         0.         0.         0.         0.         0.         0.         0.01175104 0.         0.         0.         0.         0.         0.         0.         0.         0.         0.         0.         0.         0.01175104 0.         0.01343864 0.         0.         0.        ],[0. 0. 0. 0. 1. 0. 0. 0. 0. 0. 0. 0. 1. 0. 0. 0. 0. 0. 0. 0. 0. 0. 0. 0. 0. 1. 0. 1. 0. 0. 0.],4.0,best,10000,100000,100,0.9,0.5,0.9,0.5,0.9,3,0.12,1,4,,problem_solving,10
4500,-0.008255716007525869,0.044965,0.004407341697117867,0.68,0.6908279212121557,-1.521812116918405,[0.         0.         0.         0.         0.96305929 0.         0.         0.         0.         0.         0.         0.         0.01175104 0.         0.         0.         0.         0.         0.         0.         0.         0.         0.         0.         0.         0.01175104 0.         0.01343864 0.         0.         0.        ],[0. 0. 0. 0. 1. 0. 0. 0. 0. 0. 0. 0. 1. 0. 0. 0. 0. 0. 0. 0. 0. 0. 0. 0. 0. 1. 0. 1. 0. 0. 0.],4.0,best,10000,100000,100,0.9,0.5,0.9,0.5,0.9,3,0.12,1,4,,problem_solving,10
4600,-0.008255716007525869,0.044965,0.004407341697117867,0.684,0.6867792372825697,-1.3958947638783283,[0.         0.         0.         0.         0.96305929 0.         0.         0.         0.         0.         0.         0.         0.01175104 0.         0.         0.         0.         0.         0.         0.         0.         0.         0.         0.         0.         0.01175104 0.         0.01343864 0.         0.         0.        ],[0. 0. 0. 0. 1. 0. 0. 0. 0. 0. 0. 0. 1. 0. 0. 0. 0. 0. 0. 0. 0. 0. 0. 0. 0. 1. 0. 1. 0. 0. 0.],4.0,best,10000,100000,100,0.9,0.5,0.9,0.5,0.9,3,0.12,1,4,,problem_solving,10
4700,-0.008255716007525869,0.044965,0.004407341697117867,0.6880000000000001,0.6827542811744257,-1.16430479468144,[0.         0.         0.         0.         0.96305929 0.         0.         0.         0.         0.         0.         0.         0.01175104 0.         0.         0.         0.         0.         0.         0.         0.         0.         0.         0.         0.         0.01175104 0.         0.01343864 0.         0.         0.        ],[0. 0. 0. 0. 1. 0. 0. 0. 0. 0. 0. 0. 1. 0. 0. 0. 0. 0. 0. 0. 0. 0. 0. 0. 0. 1. 0. 1. 0. 0. 0.],4.0,best,10000,100000,100,0.9,0.5,0.9,0.5,0.9,3,0.12,1,4,,problem_solving,10
4800,-0.008255716007525869,0.044965,0.004407341697117867,0.692,0.6787529138278414,2.010778666430374,[0.         0.         0.         0.         0.96305929 0.         0.         0.         0.         0.         0.         0.         0.01175104 0.         0.         0.         0.         0.         0.         0.         0.         0.         0.         0.         0.         0.01175104 0.         0.01343864 0.         0.         0.        ],[0. 0. 0. 0. 1. 0. 0. 0. 0. 0. 0. 0. 1. 0. 0. 0. 0. 0. 0. 0. 0. 0. 0. 0. 0. 1. 0. 1. 0. 0. 0.],4.0,best,10000,100000,100,0.9,0.5,0.9,0.5,0.9,3,0.12,1,4,,problem_solving,10
4900,-0.008255716007525869,0.044965,0.004407341697117867,0.696,0.6747749969979128,1.3942707096988396,[0.         0.         0.         0.         0.96305929 0.         0.         0.         0.         0.         0.         0.         0.01175104 0.         0.         0.         0.         0.         0.         0.         0.         0.         0.         0.         0.         0.01175104 0.         0.01343864 0.         0.         0.        ],[0. 0. 0. 0. 1. 0. 0. 0. 0. 0. 0. 0. 1. 0. 0. 0. 0. 0. 0. 0. 0. 0. 0. 0. 0. 1. 0. 1. 0. 0. 0.],4.0,best,10000,100000,100,0.9,0.5,0.9,0.5,0.9,3,0.12,1,4,,problem_solving,10
5000,-0.008255716007525869,0.044965,0.004407341697117867,0.7,0.6708203932499369,2.0042902310570665,[0.         0.         0.         0.         0.96305929 0.         0.         0.         0.         0.         0.         0.         0.01175104 0.         0.         0.         0.         0.         0.         0.         0.         0.         0.         0.         0.         0.01175104 0.         0.01343864 0.         0.         0.        ],[0. 0. 0. 0. 1. 0. 0. 0. 0. 0. 0. 0. 1. 0. 0. 0. 0. 0. 0. 0. 0. 0. 0. 0. 0. 1. 0. 1. 0. 0. 0.],4.0,best,10000,100000,100,0.9,0.5,0.9,0.5,0.9,3,0.12,1,4,,problem_solving,10
5100,-0.008255716007525869,0.044965,0.004407341697117867,0.704,0.6668889659546647,-0.3052999474208901,[0.         0.         0.         0.         0.96305929 0.         0.         0.         0.         0.         0.         0.         0.01175104 0.         0.         0.         0.         0.         0.         0.         0.         0.         0.         0.         0.         0.01175104 0.         0.01343864 0.         0.         0.        ],[0. 0. 0. 0. 1. 0. 0. 0. 0. 0. 0. 0. 1. 0. 0. 0. 0. 0. 0. 0. 0. 0. 0. 0. 0. 1. 0. 1. 0. 0. 0.],4.0,best,10000,100000,100,0.9,0.5,0.9,0.5,0.9,3,0.12,1,4,,problem_solving,10
5200,-0.008255716007525869,0.044965,0.004407341697117867,0.708,0.6629805792835798,-0.8807985160362631,[0.         0.         0.         0.         0.96305929 0.         0.         0.         0.         0.         0.         0.         0.01175104 0.         0.         0.         0.         0.         0.         0.         0.         0.         0.         0.         0.         0.01175104 0.         0.01343864 0.         0.         0.        ],[0. 0. 0. 0. 1. 0. 0. 0. 0. 0. 0. 0. 1. 0. 0. 0. 0. 0. 0. 0. 0. 0. 0. 0. 0. 1. 0. 1. 0. 0. 0.],4.0,best,10000,100000,100,0.9,0.5,0.9,0.5,0.9,3,0.12,1,4,,problem_solving,10
5300,-0.008255716007525869,0.044965,0.004407341697117867,0.712,0.6590950982042058,-0.48753904435010476,[0.         0.         0.         0.         0.96305929 0.         0.         0.         0.         0.         0.         0.         0.01175104 0.         0.         0.         0.         0.         0.         0.         0.         0.         0.         0.         0.         0.01175104 0.         0.01343864 0.         0.         0.        ],[0. 0. 0. 0. 1. 0. 0. 0. 0. 0. 0. 0. 1. 0. 0. 0. 0. 0. 0. 0. 0. 0. 0. 0. 0. 1. 0. 1. 0. 0. 0.],4.0,best,10000,100000,100,0.9,0.5,0.9,0.5,0.9,3,0.12,1,4,,problem_solving,10
5400,-0.008255716007525869,0.044965,0.004407341697117867,0.716,0.6552323884754414,-4.274674717970671,[0.         0.         0.         0.         0.96305929 0.         0.         0.         0.         0.         0.         0.         0.01175104 0.         0.         0.         0.         0.         0.         0.         0.         0.         0.         0.         0.         0.01175104 0.         0.01343864 0.         0.         0.        ],[0. 0. 0. 0. 1. 0. 0. 0. 0. 0. 0. 0. 1. 0. 0. 0. 0. 0. 0. 0. 0. 0. 0. 0. 0. 1. 0. 1. 0. 0. 0.],4.0,best,10000,100000,100,0.9,0.5,0.9,0.5,0.9,3,0.12,1,4,,problem_solving,10
5500,-0.008255716007525869,0.044965,0.004407341697117867,0.72,0.651392316642922,1.133977057478651,[0.         0.         0.         0.         0.96305929 0.         0.         0.         0.         0.         0.         0.         0.01175104 0.         0.         0.         0.         0.         0.         0.         0.         0.         0.         0.         0.         0.01175104 0.         0.01343864 0.         0.         0.        ],[0. 0. 0. 0. 1. 0. 0. 0. 0. 0. 0. 0. 1. 0. 0. 0. 0. 0. 0. 0. 0. 0. 0. 0. 0. 1. 0. 1. 0. 0. 0.],4.0,best,10000,100000,100,0.9,0.5,0.9,0.5,0.9,3,0.12,1,4,,problem_solving,10
5600,-0.008255716007525869,0.044965,0.004407341697117867,0.724,0.6475747500344088,1.4623507918215022,[0.         0.         0.         0.         0.96305929 0.         0.         0.         0.         0.         0.         0.         0.01175104 0.         0.         0.         0.         0.         0.         0.         0.         0.         0.         0.         0.         0.01175104 0.         0.01343864 0.         0.         0.        ],[0. 0. 0. 0. 1. 0. 0. 0. 0. 0. 0. 0. 1. 0. 0. 0. 0. 0. 0. 0. 0. 0. 0. 0. 0. 1. 0. 1. 0. 0. 0.],4.0,best,10000,100000,100,0.9,0.5,0.9,0.5,0.9,3,0.12,1,4,,problem_solving,10
5700,-0.008255716007525869,0.044965,0.004407341697117867,0.728,0.643779556755206,0.23766309491799656,[0.         0.         0.         0.         0.96305929 0.         0.         0.         0.         0.         0.         0.         0.01175104 0.         0.         0.         0.         0.         0.         0.         0.         0.         0.         0.         0.         0.01175104 0.         0.01343864 0.         0.         0.        ],[0. 0. 0. 0. 1. 0. 0. 0. 0. 0. 0. 0. 1. 0. 0. 0. 0. 0. 0. 0. 0. 0. 0. 0. 0. 1. 0. 1. 0. 0. 0.],4.0,best,10000,100000,100,0.9,0.5,0.9,0.5,0.9,3,0.12,1,4,,problem_solving,10
5800,-0.008255716007525869,0.044965,0.004407341697117867,0.732,0.6400066056836028,-1.3078559092619817,[0.         0.         0.         0.         0.96305929 0.         0.         0.         0.         0.         0.         0.         0.01175104 0.         0.         0.         0.         0.         0.         0.         0.         0.         0.         0.         0.         0.01175104 0.         0.01343864 0.         0.         0.        ],[0. 0. 0. 0. 1. 0. 0. 0. 0. 0. 0. 0. 1. 0. 0. 0. 0. 0. 0. 0. 0. 0. 0. 0. 0. 1. 0. 1. 0. 0. 0.],4.0,best,10000,100000,100,0.9,0.5,0.9,0.5,0.9,3,0.12,1,4,,problem_solving,10
5900,-0.008255716007525869,0.044965,0.004407341697117867,0.736,0.6362557664663436,1.514046085238068,[0.         0.         0.         0.         0.96305929 0.         0.         0.         0.         0.         0.         0.         0.01175104 0.         0.         0.         0.         0.         0.         0.         0.         0.         0.         0.         0.         0.01175104 0.         0.01343864 0.         0.         0.        ],[0. 0. 0. 0. 1. 0. 0. 0. 0. 0. 0. 0. 1. 0. 0. 0. 0. 0. 0. 0. 0. 0. 0. 0. 0. 1. 0. 1. 0. 0. 0.],4.0,best,10000,100000,100,0.9,0.5,0.9,0.5,0.9,3,0.12,1,4,,problem_solving,10
6000,-0.008255716007525869,0.044965,0.004407341697117867,0.74,0.6325269095141249,-4.133494536207305,[0.         0.         0.         0.         0.96305929 0.         0.         0.         0.         0.         0.         0.         0.01175104 0.         0.         0.         0.         0.         0.         0.         0.         0.         0.         0.         0.         0.01175104 0.         0.01343864 0.         0.         0.        ],[0. 0. 0. 0. 1. 0. 0. 0. 0. 0. 0. 0. 1. 0. 0. 0. 0. 0. 0. 0. 0. 0. 0. 0. 0. 1. 0. 1. 0. 0. 0.],4.0,best,10000,100000,100,0.9,0.5,0.9,0.5,0.9,3,0.12,1,4,,problem_solving,10
6100,-0.008255716007525869,0.044965,0.004407341697117867,0.744,0.6288199059971172,0.7904017387765621,[0.         0.         0.         0.         0.96305929 0.         0.         0.         0.         0.         0.         0.         0.01175104 0.         0.         0.         0.         0.         0.         0.         0.         0.         0.         0.         0.         0.01175104 0.         0.01343864 0.         0.         0.        ],[0. 0. 0. 0. 1. 0. 0. 0. 0. 0. 0. 0. 1. 0. 0. 0. 0. 0. 0. 0. 0. 0. 0. 0. 0. 1. 0. 1. 0. 0. 0.],4.0,best,10000,100000,100,0.9,0.5,0.9,0.5,0.9,3,0.12,1,4,,problem_solving,10
6200,-0.008255716007525869,0.044965,0.004407341697117867,0.748,0.6251346278405147,-1.451832841867349,[0.         0.         0.         0.         0.96305929 0.         0.         0.         0.         0.         0.         0.         0.01175104 0.         0.         0.         0.         0.         0.         0.         0.         0.         0.         0.         0.         0.01175104 0.         0.01343864 0.         0.         0.        ],[0. 0. 0. 0. 1. 0. 0. 0. 0. 0. 0. 0. 1. 0. 0. 0. 0. 0. 0. 0. 0. 0. 0. 0. 0. 1. 0. 1. 0. 0. 0.],4.0,best,10000,100000,100,0.9,0.5,0.9,0.5,0.9,3,0.12,1,4,,problem_solving,10
6300,-0.008255716007525869,0.044965,0.004407341697117867,0.752,0.6214709477201097,-0.7607263990972913,[0.         0.         0.         0.         0.96305929 0.         0.         0.         0.         0.         0.         0.         0.01175104 0.         0.         0.         0.         0.         0.         0.         0.         0.         0.         0.         0.         0.01175104 0.         0.01343864 0.         0.         0.        ],[0. 0. 0. 0. 1. 0. 0. 0. 0. 0. 0. 0. 1. 0. 0. 0. 0. 0. 0. 0. 0. 0. 0. 0. 0. 1. 0. 1. 0. 0. 0.],4.0,best,10000,100000,100,0.9,0.5,0.9,0.5,0.9,3,0.12,1,4,,problem_solving,10
6400,-0.008255716007525869,0.044965,0.004407341697117867,0.756,0.6178287390578946,-0.2849639163048682,[0.         0.         0.         0.         0.96305929 0.         0.         0.         0.         0.         0.         0.         0.01175104 0.         0.         0.         0.         0.         0.         0.         0.         0.         0.         0.         0.         0.01175104 0.         0.01343864 0.         0.         0.        ],[0. 0. 0. 0. 1. 0. 0. 0. 0. 0. 0. 0. 1. 0. 0. 0. 0. 0. 0. 0. 0. 0. 0. 0. 0. 1. 0. 1. 0. 0. 0.],4.0,best,10000,100000,100,0.9,0.5,0.9,0.5,0.9,3,0.12,1,4,,problem_solving,10
6500,-0.008255716007525869,0.044965,0.004407341697117867,0.76,0.6142078760176876,-0.5331791312606298,[0.         0.         0.         0.         0.96305929 0.         0.         0.         0.         0.         0.         0.         0.01175104 0.         0.         0.         0.         0.         0.         0.         0.         0.         0.         0.         0.         0.01175104 0.         0.01343864 0.         0.         0.        ],[0. 0. 0. 0. 1. 0. 0. 0. 0. 0. 0. 0. 1. 0. 0. 0. 0. 0. 0. 0. 0. 0. 0. 0. 0. 1. 0. 1. 0. 0. 0.],4.0,best,10000,100000,100,0.9,0.5,0.9,0.5,0.9,3,0.12,1,4,,problem_solving,10
6600,-0.008255716007525869,0.044965,0.004407341697117867,0.764,0.6106082335007861,-1.1459528862684758,[0.         0.         0.         0.         0.96305929 0.         0.         0.         0.         0.         0.         0.         0.01175104 0.         0.         0.         0.         0.         0.         0.         0.         0.         0.         0.         0.         0.01175104 0.         0.01343864 0.         0.         0.        ],[0. 0. 0. 0. 1. 0. 0. 0. 0. 0. 0. 0. 1. 0. 0. 0. 0. 0. 0. 0. 0. 0. 0. 0. 0. 1. 0. 1. 0. 0. 0.],4.0,best,10000,100000,100,0.9,0.5,0.9,0.5,0.9,3,0.12,1,4,,problem_solving,10
6700,-0.008255716007525869,0.044965,0.004407341697117867,0.768,0.6070296871416437,0.3180500924413114,[0.         0.         0.         0.         0.96305929 0.         0.         0.         0.         0.         0.         0.         0.01175104 0.         0.         0.         0.         0.         0.         0.         0.         0.         0.         0.         0.         0.01175104 0.         0.01343864 0.         0.         0.        ],[0. 0. 0. 0. 1. 0. 0. 0. 0. 0. 0. 0. 1. 0. 0. 0. 0. 0. 0. 0. 0. 0. 0. 0. 0. 1. 0. 1. 0. 0. 0.],4.0,best,10000,100000,100,0.9,0.5,0.9,0.5,0.9,3,0.12,1,4,,problem_solving,10
6800,-0.008255716007525869,0.044965,0.004407341697117867,0.772,0.6034721133035746,-0.1855493360057266,[0.         0.         0.         0.         0.96305929 0.         0.         0.         0.         0.         0.         0.         0.01175104 0.         0.         0.         0.         0.         0.         0.         0.         0.         0.         0.         0.         0.01175104 0.         0.01343864 0.         0.         0.        ],[0. 0. 0. 0. 1. 0. 0. 0. 0. 0. 0. 0. 1. 0. 0. 0. 0. 0. 0. 0. 0. 0. 0. 0. 0. 1. 0. 1. 0. 0. 0.],4.0,best,10000,100000,100,0.9,0.5,0.9,0.5,0.9,3,0.12,1,4,,problem_solving,10
6900,-0.008255716007525869,0.044965,0.004407341697117867,0.776,0.5999353890744809,0.43701980015139386,[0.         0.         0.         0.         0.96305929 0.         0.         0.         0.         0.         0.         0.         0.01175104 0.         0.         0.         0.         0.         0.         0.         0.         0.         0.         0.         0.         0.01175104 0.         0.01343864 0.         0.         0.        ],[0. 0. 0. 0. 1. 0. 0. 0. 0. 0. 0. 0. 1. 0. 0. 0. 0. 0. 0. 0. 0. 0. 0. 0. 0. 1. 0. 1. 0. 0. 0.],4.0,best,10000,100000,100,0.9,0.5,0.9,0.5,0.9,3,0.12,1,4,,problem_solving,10
7000,-0.008255716007525869,0.044965,0.004407341697117867,0.78,0.5964193922626064,-0.16370838132814236,[0.         0.         0.         0.         0.96305929 0.         0.         0.         0.         0.         0.         0.         0.01175104 0.         0.         0.         0.         0.         0.         0.         0.         0.         0.         0.         0.         0.01175104 0.         0.01343864 0.         0.         0.        ],[0. 0. 0. 0. 1. 0. 0. 0. 0. 0. 0. 0. 1. 0. 0. 0. 0. 0. 0. 0. 0. 0. 0. 0. 0. 1. 0. 1. 0. 0. 0.],4.0,best,10000,100000,100,0.9,0.5,0.9,0.5,0.9,3,0.12,1,4,,problem_solving,10
7100,-0.008255716007525869,0.044965,0.004407341697117867,0.784,0.5929240013923155,0.5406921196766675,[0.         0.         0.         0.         0.96305929 0.         0.         0.         0.         0.         0.         0.         0.01175104 0.         0.         0.         0.         0.         0.         0.         0.         0.         0.         0.         0.         0.01175104 0.         0.01343864 0.         0.         0.        ],[0. 0. 0. 0. 1. 0. 0. 0. 0. 0. 0. 0. 1. 0. 0. 0. 0. 0. 0. 0. 0. 0. 0. 0. 0. 1. 0. 1. 0. 0. 0.],4.0,best,10000,100000,100,0.9,0.5,0.9,0.5,0.9,3,0.12,1,4,,problem_solving,10
7200,-0.008255716007525869,0.044965,0.004407341697117867,0.788,0.5894490956998952,-1.35324508711641,[0.         0.         0.         0.         0.96305929 0.         0.         0.         0.         0.         0.         0.         0.01175104 0.         0.         0.         0.         0.         0.         0.         0.         0.         0.         0.         0.         0.01175104 0.         0.01343864 0.         0.         0.        ],[0. 0. 0. 0. 1. 0. 0. 0. 0. 0. 0. 0. 1. 0. 0. 0. 0. 0. 0. 0. 0. 0. 0. 0. 0. 1. 0. 1. 0. 0. 0.],4.0,best,10000,100000,100,0.9,0.5,0.9,0.5,0.9,3,0.12,1,4,,problem_solving,10
7300,-0.008255716007525869,0.044965,0.004407341697117867,0.792,0.5859945551293843,-1.7499892185277668,[0.         0.         0.         0.         0.96305929 0.         0.         0.         0.         0.         0.         0.         0.01175104 0.         0.         0.         0.         0.         0.         0.         0.         0.         0.         0.         0.         0.01175104 0.         0.01343864 0.         0.         0.        ],[0. 0. 0. 0. 1. 0. 0. 0. 0. 0. 0. 0. 1. 0. 0. 0. 0. 0. 0. 0. 0. 0. 0. 0. 0. 1. 0. 1. 0. 0. 0.],4.0,best,10000,100000,100,0.9,0.5,0.9,0.5,0.9,3,0.12,1,4,,problem_solving,10
7400,-0.008255716007525869,0.044965,0.004407341697117867,0.796,0.5825602603284237,-1.6123685069441267,[0.         0.         0.         0.         0.96305929 0.         0.         0.         0.         0.         0.         0.         0.01175104 0.         0.         0.         0.         0.         0.         0.         0.         0.         0.         0.         0.         0.01175104 0.         0.01343864 0.         0.         0.        ],[0. 0. 0. 0. 1. 0. 0. 0. 0. 0. 0. 0. 1. 0. 0. 0. 0. 0. 0. 0. 0. 0. 0. 0. 0. 1. 0. 1. 0. 0. 0.],4.0,best,10000,100000,100,0.9,0.5,0.9,0.5,0.9,3,0.12,1,4,,problem_solving,10
7500,-0.008255716007525869,0.044965,0.004407341697117867,0.8,0.5791460926441345,-0.25588977382785605,[0.         0.         0.         0.         0.96305929 0.         0.         0.         0.         0.         0.         0.         0.01175104 0.         0.         0.         0.         0.         0.         0.         0.         0.         0.         0.         0.         0.01175104 0.         0.01343864 0.         0.         0.        ],[0. 0. 0. 0. 1. 0. 0. 0. 0. 0. 0. 0. 1. 0. 0. 0. 0. 0. 0. 0. 0. 0. 0. 0. 0. 1. 0. 1. 0. 0. 0.],4.0,best,10000,100000,100,0.9,0.5,0.9,0.5,0.9,3,0.12,1,4,,problem_solving,10
7600,-0.008255716007525869,0.044965,0.004407341697117867,0.804,0.5757519341190179,1.0921840310333093,[0.         0.         0.         0.         0.96305929 0.         0.         0.         0.         0.         0.         0.         0.01175104 0.         0.         0.         0.         0.         0.         0.         0.         0.         0.         0.         0.         0.01175104 0.         0.01343864 0.         0.         0.        ],[0. 0. 0. 0. 1. 0. 0. 0. 0. 0. 0. 0. 1. 0. 0. 0. 0. 0. 0. 0. 0. 0. 0. 0. 0. 1. 0. 1. 0. 0. 0.],4.0,best,10000,100000,100,0.9,0.5,0.9,0.5,0.9,3,0.12,1,4,,problem_solving,10
7700,-0.008255716007525869,0.044965,0.004407341697117867,0.808,0.5723776674868795,-1.5225536033288098,[0.         0.         0.         0.         0.96305929 0.         0.         0.         0.         0.         0.         0.         0.01175104 0.         0.         0.         0.         0.         0.         0.         0.         0.         0.         0.         0.         0.01175104 0.         0.01343864 0.         0.         0.        ],[0. 0. 0. 0. 1. 0. 0. 0. 0. 0. 0. 0. 1. 0. 0. 0. 0. 0. 0. 0. 0. 0. 0. 0. 0. 1. 0. 1. 0. 0. 0.],4.0,best,10000,100000,100,0.9,0.5,0.9,0.5,0.9,3,0.12,1,4,,problem_solving,10
7800,-0.008255716007525869,0.044965,0.004407341697117867,0.812,0.5690231761687783,-0.45891689895154114,[0.         0.         0.         0.         0.96305929 0.         0.         0.         0.         0.         0.         0.         0.01175104 0.         0.         0.         0.         0.         0.         0.         0.         0.         0.         0.         0.         0.01175104 0.         0.01343864 0.         0.         0.        ],[0. 0. 0. 0. 1. 0. 0. 0. 0. 0. 0. 0. 1. 0. 0. 0. 0. 0. 0. 0. 0. 0. 0. 0. 0. 1. 0. 1. 0. 0. 0.],4.0,best,10000,100000,100,0.9,0.5,0.9,0.5,0.9,3,0.12,1,4,,problem_solving,10
7900,-0.008255716007525869,0.044965,0.004407341697117867,0.8160000000000001,0.5656883442689989,-0.11695777114038289,[0.         0.         0.         0.         0.96305929 0.         0.         0.         0.         0.         0.         0.         0.01175104 0.         0.         0.         0.         0.         0.         0.         0.         0.         0.         0.         0.         0.01175104 0.         0.01343864 0.         0.         0.        ],[0. 0. 0. 0. 1. 0. 0. 0. 0. 0. 0. 0. 1. 0. 0. 0. 0. 0. 0. 0. 0. 0. 0. 0. 0. 1. 0. 1. 0. 0. 0.],4.0,best,10000,100000,100,0.9,0.5,0.9,0.5,0.9,3,0.12,1,4,,problem_solving,10
8000,-0.008255716007525869,0.044965,0.004407341697117867,0.8200000000000001,0.5623730565710474,1.1875353112836855,[0.         0.         0.         0.         0.96305929 0.         0.         0.         0.         0.         0.         0.         0.01175104 0.         0.         0.         0.         0.         0.         0.         0.         0.         0.         0.         0.         0.01175104 0.         0.01343864 0.         0.         0.        ],[0. 0. 0. 0. 1. 0. 0. 0. 0. 0. 0. 0. 1. 0. 0. 0. 0. 0. 0. 0. 0. 0. 0. 0. 0. 1. 0. 1. 0. 0. 0.],4.0,best,10000,100000,100,0.9,0.5,0.9,0.5,0.9,3,0.12,1,4,,problem_solving,10
8100,-0.008255716007525869,0.044965,0.004407341697117867,0.8240000000000001,0.5590771985336705,1.6262592332714698,[0.         0.         0.         0.         0.96305929 0.         0.         0.         0.         0.         0.         0.         0.01175104 0.         0.         0.         0.         0.         0.         0.         0.         0.         0.         0.         0.         0.01175104 0.         0.01343864 0.         0.         0.        ],[0. 0. 0. 0. 1. 0. 0. 0. 0. 0. 0. 0. 1. 0. 0. 0. 0. 0. 0. 0. 0. 0. 0. 0. 0. 1. 0. 1. 0. 0. 0.],4.0,best,10000,100000,100,0.9,0.5,0.9,0.5,0.9,3,0.12,1,4,,problem_solving,10
8200,-0.008255716007525869,0.044965,0.004407341697117867,0.8280000000000001,0.5558006562868987,-1.6975284609062078,[0.         0.         0.         0.         0.96305929 0.         0.         0.         0.         0.         0.         0.         0.01175104 0.         0.         0.         0.         0.         0.         0.         0.         0.         0.         0.         0.         0.01175104 0.         0.01343864 0.         0.         0.        ],[0. 0. 0. 0. 1. 0. 0. 0. 0. 0. 0. 0. 1. 0. 0. 0. 0. 0. 0. 0. 0. 0. 0. 0. 0. 1. 0. 1. 0. 0. 0.],4.0,best,10000,100000,100,0.9,0.5,0.9,0.5,0.9,3,0.12,1,4,,problem_solving,10
8300,-0.008255716007525869,0.044965,0.004407341697117867,0.8320000000000001,0.5525433166281111,-2.057268552024486,[0.         0.         0.         0.         0.96305929 0.         0.         0.         0.         0.         0.         0.         0.01175104 0.         0.         0.         0.         0.         0.         0.         0.         0.         0.         0.         0.         0.01175104 0.         0.01343864 0.         0.         0.        ],[0. 0. 0. 0. 1. 0. 0. 0. 0. 0. 0. 0. 1. 0. 0. 0. 0. 0. 0. 0. 0. 0. 0. 0. 0. 1. 0. 1. 0. 0. 0.],4.0,best,10000,100000,100,0.9,0.5,0.9,0.5,0.9,3,0.12,1,4,,problem_solving,10
8400,-0.008255716007525869,0.044965,0.004407341697117867,0.8360000000000001,0.5493050670181255,-0.3861689453018645,[0.         0.         0.         0.         0.96305929 0.         0.         0.         0.         0.         0.         0.         0.01175104 0.         0.         0.         0.         0.         0.         0.         0.         0.         0.         0.         0.         0.01175104 0.         0.01343864 0.         0.         0.        ],[0. 0. 0. 0. 1. 0. 0. 0. 0. 0. 0. 0. 1. 0. 0. 0. 0. 0. 0. 0. 0. 0. 0. 0. 0. 1. 0. 1. 0. 0. 0.],4.0,best,10000,100000,100,0.9,0.5,0.9,0.5,0.9,3,0.12,1,4,,problem_solving,10
8500,-0.008255716007525869,0.044965,0.004407341697117867,0.8400000000000001,0.5460857955773097,-0.1690425193236554,[0.         0.         0.         0.         0.96305929 0.         0.         0.         0.         0.         0.         0.         0.01175104 0.         0.         0.         0.         0.         0.         0.         0.         0.         0.         0.         0.         0.01175104 0.         0.01343864 0.         0.         0.        ],[0. 0. 0. 0. 1. 0. 0. 0. 0. 0. 0. 0. 1. 0. 0. 0. 0. 0. 0. 0. 0. 0. 0. 0. 0. 1. 0. 1. 0. 0. 0.],4.0,best,10000,100000,100,0.9,0.5,0.9,0.5,0.9,3,0.12,1,4,,problem_solving,10
8600,-0.008255716007525869,0.044965,0.004407341697117867,0.8440000000000001,0.542885391081716,-3.606443992082275,[0.         0.         0.         0.         0.96305929 0.         0.         0.         0.         0.         0.         0.         0.01175104 0.         0.         0.         0.         0.         0.         0.         0.         0.         0.         0.         0.         0.01175104 0.         0.01343864 0.         0.         0.        ],[0. 0. 0. 0. 1. 0. 0. 0. 0. 0. 0. 0. 1. 0. 0. 0. 0. 0. 0. 0. 0. 0. 0. 0. 0. 1. 0. 1. 0. 0. 0.],4.0,best,10000,100000,100,0.9,0.5,0.9,0.5,0.9,3,0.12,1,4,,problem_solving,10
8700,-0.008255716007525869,0.044965,0.004407341697117867,0.8480000000000001,0.5397037429592386,-1.7126415239726283,[0.         0.         0.         0.         0.96305929 0.         0.         0.         0.         0.         0.         0.         0.01175104 0.         0.         0.         0.         0.         0.         0.         0.         0.         0.         0.         0.         0.01175104 0.         0.01343864 0.         0.         0.        ],[0. 0. 0. 0. 1. 0. 0. 0. 0. 0. 0. 0. 1. 0. 0. 0. 0. 0. 0. 0. 0. 0. 0. 0. 0. 1. 0. 1. 0. 0. 0.],4.0,best,10000,100000,100,0.9,0.5,0.9,0.5,0.9,3,0.12,1,4,,problem_solving,10
8800,-0.008255716007525869,0.044965,0.004407341697117867,0.8520000000000001,0.5365407412857937,2.8563242131684845,[0.         0.         0.         0.         0.96305929 0.         0.         0.         0.         0.         0.         0.         0.01175104 0.         0.         0.         0.         0.         0.         0.         0.         0.         0.         0.         0.         0.01175104 0.         0.01343864 0.         0.         0.        ],[0. 0. 0. 0. 1. 0. 0. 0. 0. 0. 0. 0. 1. 0. 0. 0. 0. 0. 0. 0. 0. 0. 0. 0. 0. 1. 0. 1. 0. 0. 0.],4.0,best,10000,100000,100,0.9,0.5,0.9,0.5,0.9,3,0.12,1,4,,problem_solving,10
8900,-0.008255716007525869,0.044965,0.004407341697117867,0.8560000000000001,0.5333962767815211,-3.003980696128599,[0.         0.         0.         0.         0.96305929 0.         0.         0.         0.         0.         0.         0.         0.01175104 0.         0.         0.         0.         0.         0.         0.         0.         0.         0.         0.         0.         0.01175104 0.         0.01343864 0.         0.         0.        ],[0. 0. 0. 0. 1. 0. 0. 0. 0. 0. 0. 0. 1. 0. 0. 0. 0. 0. 0. 0. 0. 0. 0. 0. 0. 1. 0. 1. 0. 0. 0.],4.0,best,10000,100000,100,0.9,0.5,0.9,0.5,0.9,3,0.12,1,4,,problem_solving,10
9000,-0.008255716007525869,0.044965,0.004407341697117867,0.8600000000000001,0.5302702408070095,0.9381893422957829,[0.         0.         0.         0.         0.96305929 0.         0.         0.         0.         0.         0.         0.         0.01175104 0.         0.         0.         0.         0.         0.         0.         0.         0.         0.         0.         0.         0.01175104 0.         0.01343864 0.         0.         0.        ],[0. 0. 0. 0. 1. 0. 0. 0. 0. 0. 0. 0. 1. 0. 0. 0. 0. 0. 0. 0. 0. 0. 0. 0. 0. 1. 0. 1. 0. 0. 0.],4.0,best,10000,100000,100,0.9,0.5,0.9,0.5,0.9,3,0.12,1,4,,problem_solving,10
9100,-0.008255716007525869,0.044965,0.004407341697117867,0.8640000000000001,0.5271625253595416,-0.47220990640644156,[0.         0.         0.         0.         0.96305929 0.         0.         0.         0.         0.         0.         0.         0.01175104 0.         0.         0.         0.         0.         0.         0.         0.         0.         0.         0.         0.         0.01175104 0.         0.01343864 0.         0.         0.        ],[0. 0. 0. 0. 1. 0. 0. 0. 0. 0. 0. 0. 1. 0. 0. 0. 0. 0. 0. 0. 0. 0. 0. 0. 0. 1. 0. 1. 0. 0. 0.],4.0,best,10000,100000,100,0.9,0.5,0.9,0.5,0.9,3,0.12,1,4,,problem_solving,10
9200,-0.008255716007525869,0.044965,0.004407341697117867,0.8680000000000001,0.5240730230693647,-1.1685011451696978,[0.         0.         0.         0.         0.96305929 0.         0.         0.         0.         0.         0.         0.         0.01175104 0.         0.         0.         0.         0.         0.         0.         0.         0.         0.         0.         0.         0.01175104 0.         0.01343864 0.         0.         0.        ],[0. 0. 0. 0. 1. 0. 0. 0. 0. 0. 0. 0. 1. 0. 0. 0. 0. 0. 0. 0. 0. 0. 0. 0. 0. 1. 0. 1. 0. 0. 0.],4.0,best,10000,100000,100,0.9,0.5,0.9,0.5,0.9,3,0.12,1,4,,problem_solving,10
9300,-0.008255716007525869,0.044965,0.004407341697117867,0.8720000000000001,0.5210016271959791,-1.2122991304611865,[0.         0.         0.         0.         0.96305929 0.         0.         0.         0.         0.         0.         0.         0.01175104 0.         0.         0.         0.         0.         0.         0.         0.         0.         0.         0.         0.         0.01175104 0.         0.01343864 0.         0.         0.        ],[0. 0. 0. 0. 1. 0. 0. 0. 0. 0. 0. 0. 1. 0. 0. 0. 0. 0. 0. 0. 0. 0. 0. 0. 0. 1. 0. 1. 0. 0. 0.],4.0,best,10000,100000,100,0.9,0.5,0.9,0.5,0.9,3,0.12,1,4,,problem_solving,10
9400,-0.008255716007525869,0.044965,0.004407341697117867,0.8760000000000001,0.5179482316244518,-1.651707949267272,[0.         0.         0.         0.         0.96305929 0.         0.         0.         0.         0.         0.         0.         0.01175104 0.         0.         0.         0.         0.         0.         0.         0.         0.         0.         0.         0.         0.01175104 0.         0.01343864 0.         0.         0.        ],[0. 0. 0. 0. 1. 0. 0. 0. 0. 0. 0. 0. 1. 0. 0. 0. 0. 0. 0. 0. 0. 0. 0. 0. 0. 1. 0. 1. 0. 0. 0.],4.0,best,10000,100000,100,0.9,0.5,0.9,0.5,0.9,3,0.12,1,4,,problem_solving,10
9500,-0.008255716007525869,0.044965,0.004407341697117867,0.88,0.5149127308617497,0.31754400301632707,[0.         0.         0.         0.         0.96305929 0.         0.         0.         0.         0.         0.         0.         0.01175104 0.         0.         0.         0.         0.         0.         0.         0.         0.         0.         0.         0.         0.01175104 0.         0.01343864 0.         0.         0.        ],[0. 0. 0. 0. 1. 0. 0. 0. 0. 0. 0. 0. 1. 0. 0. 0. 0. 0. 0. 0. 0. 0. 0. 0. 0. 1. 0. 1. 0. 0. 0.],4.0,best,10000,100000,100,0.9,0.5,0.9,0.5,0.9,3,0.12,1,4,,problem_solving,10
9600,-0.008255716007525869,0.044965,0.004407341697117867,0.884,0.5118950200330946,1.2222550984980782,[0.         0.         0.         0.         0.96305929 0.         0.         0.         0.         0.         0.         0.         0.01175104 0.         0.         0.         0.         0.         0.         0.         0.         0.         0.         0.         0.         0.01175104 0.         0.01343864 0.         0.         0.        ],[0. 0. 0. 0. 1. 0. 0. 0. 0. 0. 0. 0. 1. 0. 0. 0. 0. 0. 0. 0. 0. 0. 0. 0. 0. 1. 0. 1. 0. 0. 0.],4.0,best,10000,100000,100,0.9,0.5,0.9,0.5,0.9,3,0.12,1,4,,problem_solving,10
9700,-0.008255716007525869,0.044965,0.004407341697117867,0.888,0.5088949948783402,1.499541611714261,[0.         0.         0.         0.         0.96305929 0.         0.         0.         0.         0.         0.         0.         0.01175104 0.         0.         0.         0.         0.         0.         0.         0.         0.         0.         0.         0.         0.01175104 0.         0.01343864 0.         0.         0.        ],[0. 0. 0. 0. 1. 0. 0. 0. 0. 0. 0. 0. 1. 0. 0. 0. 0. 0. 0. 0. 0. 0. 0. 0. 0. 1. 0. 1. 0. 0. 0.],4.0,best,10000,100000,100,0.9,0.5,0.9,0.5,0.9,3,0.12,1,4,,problem_solving,10
9800,-0.008255716007525869,0.044965,0.004407341697117867,0.892,0.5059125517483702,1.9114881890543551,[0.         0.         0.         0.         0.96305929 0.         0.         0.         0.         0.         0.         0.         0.01175104 0.         0.         0.         0.         0.         0.         0.         0.         0.         0.         0.         0.         0.01175104 0.         0.01343864 0.         0.         0.        ],[0. 0. 0. 0. 1. 0. 0. 0. 0. 0. 0. 0. 1. 0. 0. 0. 0. 0. 0. 0. 0. 0. 0. 0. 0. 1. 0. 1. 0. 0. 0.],4.0,best,10000,100000,100,0.9,0.5,0.9,0.5,0.9,3,0.12,1,4,,problem_solving,10
9900,-0.008255716007525869,0.044965,0.004407341697117867,0.896,0.5029475876015165,-0.8802815559776186,[0.         0.         0.         0.         0.96305929 0.         0.         0.         0.         0.         0.         0.         0.01175104 0.         0.         0.         0.         0.         0.         0.         0.         0.         0.         0.         0.         0.01175104 0.         0.01343864 0.         0.         0.        ],[0. 0. 0. 0. 1. 0. 0. 0. 0. 0. 0. 0. 1. 0. 0. 0. 0. 0. 0. 0. 0. 0. 0. 0. 0. 1. 0. 1. 0. 0. 0.],4.0,best,10000,100000,100,0.9,0.5,0.9,0.5,0.9,3,0.12,1,4,,problem_solving,10
9999,-0.008255716007525869,0.044965,0.004407341697117867,0.8999600000000001,0.500029390196995,0.19055721382593427,[0.         0.         0.         0.         0.96305929 0.         0.         0.         0.         0.         0.         0.         0.01175104 0.         0.         0.         0.         0.         0.         0.         0.         0.         0.         0.         0.         0.01175104 0.         0.01343864 0.         0.         0.        ],[0. 0. 0. 0. 1. 0. 0. 0. 0. 0. 0. 0. 1. 0. 0. 0. 0. 0. 0. 0. 0. 0. 0. 0. 0. 1. 0. 1. 0. 0. 0.],4.0,best,10000,100000,100,0.9,0.5,0.9,0.5,0.9,3,0.12,1,4,,problem_solving,10
